t_s,dt_s,ax_dynamic,az_dynamic,accel_xz_magnitude
0.000000,0.000000,-0.006725,0.010495,0.012464
0.009966,0.009966,0.004049,0.053590,0.053743
0.019974,0.010008,-0.000740,0.015283,0.015301
0.030015,0.010041,-0.027076,-0.001476,0.027116
0.039994,0.009979,-0.007922,-0.172662,0.172843
0.049954,0.009960,0.014823,-0.017039,0.022584
0.059984,0.010031,-0.101296,0.258294,0.277447
0.070002,0.010018,0.042356,-0.048163,0.064138
0.079959,0.009957,0.051933,-0.312723,0.317005
0.090373,0.010414,-0.119253,-0.024221,0.121687
0.100029,0.009656,0.080663,-0.069711,0.106612
0.110033,0.010003,0.148898,0.042816,0.154932
0.120024,0.009991,-0.094113,0.142176,0.170503
0.130007,0.009983,-0.010316,-0.078091,0.078769
0.139964,0.009957,0.105802,-0.037389,0.112215
0.150016,0.010052,0.014823,0.134993,0.135804
0.159968,0.009953,0.000458,0.003312,0.003343
0.170023,0.010055,-0.028273,-0.079288,0.084178
0.179991,0.009969,-0.068974,-0.073302,0.100651
0.190032,0.010041,0.037568,0.005706,0.037999
0.199961,0.009929,0.023202,0.008100,0.024576
0.209985,0.010023,-0.052215,0.016480,0.054754
0.220004,0.010019,0.023202,-0.136749,0.138703
0.229999,0.009995,0.023202,-0.079288,0.082613
0.239993,0.009995,0.059116,0.065561,0.088278
0.250009,0.010016,0.001655,0.014086,0.014183
0.259962,0.009953,0.001655,-0.057740,0.057764
0.269987,0.010025,-0.001937,-0.005068,0.005425
0.279961,0.009974,0.056721,0.033240,0.065743
0.290014,0.010053,0.032779,0.067955,0.075448
0.299945,0.009931,-0.045032,0.017677,0.048378
0.309997,0.010052,-0.019893,-0.052952,0.056565
0.319998,0.010001,0.011231,-0.001476,0.011328
0.329996,0.009998,-0.001937,0.060773,0.060804
0.339962,0.009966,-0.001937,0.059576,0.059607
0.350007,0.010045,-0.001937,-0.027813,0.027880
0.359988,0.009981,-0.023484,-0.049360,0.054662
0.370009,0.010021,0.042356,0.010495,0.043637
0.379962,0.009953,0.011231,-0.021827,0.024547
0.390012,0.010050,-0.019893,-0.030207,0.036169
0.399974,0.009962,0.017217,-0.007462,0.018764
0.409999,0.010025,0.014823,-0.007462,0.016595
0.420005,0.010006,0.006443,0.055984,0.056354
0.429950,0.009944,-0.004331,-0.033798,0.034074
0.439980,0.010031,-0.025879,-0.037389,0.045472
0.450007,0.010027,0.041159,0.026057,0.048714
0.459971,0.009964,0.006443,0.014086,0.015490
0.469963,0.009992,-0.025879,-0.021827,0.033854
0.480081,0.010118,-0.035455,0.014086,0.038151
0.489981,0.009901,-0.021090,-0.027813,0.034905
0.499978,0.009996,0.019611,0.036831,0.041727
0.509959,0.009982,0.002852,0.021269,0.021459
0.519995,0.010036,-0.030667,0.035634,0.047013
0.529953,0.009958,-0.023484,-0.044572,0.050380
0.540007,0.010054,0.068692,-0.213363,0.224148
0.549971,0.009964,0.164460,-0.249276,0.298640
0.559968,0.009997,-0.358673,0.677280,0.766390
0.569969,0.010001,-0.062989,0.215199,0.224228
0.579961,0.009992,0.375150,-0.445601,0.582493
0.589983,0.010022,0.000458,-0.232517,0.232517
0.600319,0.010336,-0.213823,0.202031,0.294172
0.610008,0.009689,0.090240,0.000918,0.090245
0.619990,0.009982,0.217133,-0.080485,0.231570
0.629977,0.009987,-0.265299,0.091897,0.280764
0.640003,0.010026,-0.095311,-0.208575,0.229320
0.649992,0.009989,0.186008,-0.057740,0.194764
0.659966,0.009974,0.063904,0.246323,0.254478
0.669970,0.010004,-0.095311,0.217593,0.237552
0.679980,0.010010,-0.145589,-0.046966,0.152977
0.690003,0.010023,0.001655,-0.243291,0.243296
0.699952,0.009949,0.038765,0.090700,0.098637
0.709936,0.009984,0.065101,0.101474,0.120562
0.719968,0.010032,-0.031864,0.084715,0.090509
0.729968,0.010000,-0.097705,-0.086471,0.130474
0.740000,0.010032,0.036371,-0.073302,0.081830
0.749942,0.009942,0.065101,-0.003871,0.065216
0.759943,0.010001,0.060313,0.101474,0.118045
0.769967,0.010024,-0.043835,0.002115,0.043886
0.779978,0.010011,-0.013908,-0.103230,0.104163
0.789994,0.010017,0.047144,-0.064923,0.080234
0.799969,0.009975,0.031582,0.087109,0.092658
0.809944,0.009975,-0.021090,0.079926,0.082662
0.820000,0.010056,-0.040244,-0.039784,0.056589
0.829964,0.009964,-0.024682,-0.098442,0.101489
0.840036,0.010072,0.025597,0.027254,0.037389
0.850000,0.009964,0.023202,0.049999,0.055120
0.859973,0.009972,-0.001937,0.014086,0.014218
0.869978,0.010005,-0.041441,-0.026616,0.049252
0.879957,0.009979,0.042356,-0.014645,0.044816
0.889988,0.010031,0.067495,0.038028,0.077471
0.899987,0.009999,0.010034,0.004509,0.011001
0.909959,0.009972,-0.016302,-0.046966,0.049715
0.919969,0.010010,-0.015105,-0.042178,0.044801
0.929935,0.009966,0.032779,-0.019433,0.038107
0.939955,0.010020,0.023202,0.015283,0.027784
0.949958,0.010003,-0.045032,0.022466,0.050325
0.959943,0.009985,-0.009119,-0.008659,0.012575
0.969973,0.010030,0.057918,0.014086,0.059607
0.979972,0.009999,0.057918,0.034437,0.067383
0.989980,0.010007,-0.018696,-0.003871,0.019093
0.999980,0.010000,0.005246,-0.007462,0.009121
1.009958,0.009978,0.016020,-0.006265,0.017201
1.019972,0.010013,0.024400,-0.014645,0.028457
1.029967,0.009995,-0.007922,0.015283,0.017214
1.039980,0.010013,-0.011513,0.010495,0.015579
1.050029,0.010049,-0.021090,0.038028,0.043485
1.059972,0.009943,0.031582,-0.006265,0.032198
1.070018,0.010046,0.004049,-0.066120,0.066244
1.080018,0.010000,0.014823,0.006903,0.016351
1.090180,0.010162,0.007640,0.014086,0.016025
1.099981,0.009801,0.025597,0.004509,0.025991
1.109962,0.009980,-0.001937,-0.011053,0.011222
1.119973,0.010011,0.012429,-0.014645,0.019208
1.129961,0.009988,-0.027076,-0.033798,0.043306
1.139963,0.010003,-0.007922,-0.013447,0.015607
1.149965,0.010001,-0.005528,-0.032601,0.033066
1.159986,0.010021,0.023202,0.029648,0.037648
1.169967,0.009981,0.036371,0.032042,0.048472
1.179978,0.010011,-0.009119,-0.000279,0.009124
1.189986,0.010008,0.002852,-0.056543,0.056615
1.199946,0.009960,0.004049,0.028451,0.028738
1.209939,0.009993,0.012429,-0.008659,0.015148
1.219938,0.009999,0.001655,0.033240,0.033281
1.229971,0.010033,-0.004331,-0.013447,0.014128
1.239992,0.010021,0.011231,-0.014645,0.018456
1.249995,0.010003,0.017217,-0.017039,0.024223
1.259958,0.009963,0.023202,-0.051755,0.056718
1.269954,0.009995,0.012429,0.002115,0.012607
1.279967,0.010013,-0.007922,-0.012250,0.014589
1.289985,0.010018,-0.009119,0.046408,0.047295
1.299944,0.009959,0.010034,-0.025418,0.027327
1.309979,0.010036,-0.004331,-0.034995,0.035262
1.319982,0.010003,0.027991,-0.008659,0.029300
1.329950,0.009968,0.020808,-0.008659,0.022538
1.340003,0.010053,0.026794,-0.017039,0.031753
1.349985,0.009982,0.005246,-0.011053,0.012235
1.360000,0.010015,0.011231,0.041619,0.043108
1.369969,0.009969,-0.003134,0.006903,0.007581
1.379942,0.009973,0.000458,0.000918,0.001026
1.389992,0.010050,-0.022287,-0.000279,0.022289
1.399950,0.009958,-0.011513,-0.054149,0.055359
1.409995,0.010045,0.029188,-0.000279,0.029189
1.419979,0.009984,0.008837,-0.027813,0.029183
1.429978,0.009999,0.005246,-0.012250,0.013326
1.439994,0.010015,0.031582,0.010495,0.033280
1.450004,0.010010,-0.016302,0.015283,0.022345
1.459986,0.009982,0.016020,-0.019433,0.025185
1.469976,0.009990,-0.005528,0.047605,0.047925
1.480397,0.010421,0.056721,-0.020630,0.060356
1.490071,0.009674,0.026794,-0.062529,0.068027
1.500156,0.010085,0.001655,-0.038587,0.038622
1.510148,0.009992,-0.013908,-0.013447,0.019346
1.520001,0.009853,0.012429,0.024860,0.027794
1.530137,0.010136,-0.006725,0.020071,0.021168
1.540067,0.009930,-0.017499,0.006903,0.018811
1.550072,0.010004,0.011231,-0.000279,0.011235
1.560051,0.009980,-0.012711,0.003312,0.013135
1.569976,0.009925,-0.006725,0.017677,0.018913
1.579976,0.010000,0.045947,0.002115,0.045996
1.589982,0.010006,0.026794,-0.001476,0.026834
1.599957,0.009975,0.017217,-0.021827,0.027800
1.609972,0.010015,-0.043835,-0.014645,0.046217
1.620028,0.010056,0.004049,-0.013447,0.014044
1.630024,0.009996,-0.024682,0.021269,0.032581
1.640014,0.009990,-0.003134,-0.020630,0.020867
1.650018,0.010004,0.006443,-0.006265,0.008987
1.660042,0.010024,-0.021090,-0.009856,0.023280
1.669981,0.009939,0.019611,-0.013447,0.023779
1.679999,0.010017,0.011231,0.009298,0.014580
1.690009,0.010010,0.025597,-0.013447,0.028914
1.699970,0.009961,0.014823,0.004509,0.015493
1.709947,0.009977,-0.016302,0.006903,0.017703
1.719988,0.010041,-0.010316,-0.019433,0.022001
1.730005,0.010016,0.006443,0.017677,0.018815
1.739981,0.009976,0.011231,0.023663,0.026193
1.750027,0.010046,-0.024682,0.000918,0.024699
1.760005,0.009978,-0.006725,0.009298,0.011475
1.769972,0.009967,0.023202,0.035634,0.042522
1.779967,0.009995,0.032779,0.023663,0.040428
1.789974,0.010008,0.032779,-0.009856,0.034229
1.799982,0.010007,-0.017499,0.010495,0.020405
1.809981,0.009999,0.010034,0.009298,0.013680
1.819995,0.010014,0.005246,-0.031404,0.031839
1.830018,0.010023,0.006443,-0.021827,0.022758
1.839972,0.009955,-0.009119,-0.000279,0.009124
1.850027,0.010054,0.013626,-0.039784,0.042052
1.859986,0.009959,0.039962,0.017677,0.043697
1.869976,0.009990,0.010034,-0.066120,0.066877
1.880076,0.010100,0.024400,0.014086,0.028174
1.890038,0.009962,-0.009119,-0.006265,0.011064
1.900004,0.009966,0.004049,-0.012250,0.012902
1.909981,0.009977,0.031582,-0.003871,0.031818
1.919959,0.009978,-0.019893,0.010495,0.022492
1.929975,0.010016,-0.012711,-0.008659,0.015380
1.939970,0.009995,0.001655,0.002115,0.002685
1.949955,0.009985,0.011231,0.005706,0.012598
1.960014,0.010059,-0.009119,-0.006265,0.011064
1.970073,0.010059,0.022005,0.020071,0.029784
1.979989,0.009915,0.014823,-0.009856,0.017800
1.989967,0.009978,0.027991,-0.012250,0.030554
1.999960,0.009994,0.037568,-0.003871,0.037767
2.009963,0.010003,0.010034,0.047605,0.048651
2.019961,0.009998,-0.010316,-0.014645,0.017913
2.029996,0.010036,0.013626,0.033240,0.035924
2.039994,0.009998,0.004049,0.028451,0.028738
2.050052,0.010058,0.030385,0.046408,0.055470
2.060198,0.010146,0.017217,0.027254,0.032237
2.070237,0.010039,0.007640,-0.025418,0.026542
2.080032,0.009795,0.006443,0.033240,0.033858
2.090110,0.010077,0.016020,-0.008659,0.018210
2.099990,0.009880,0.022005,-0.037389,0.043384
2.109974,0.009984,0.002852,-0.040981,0.041080
2.119975,0.010001,-0.011513,0.008100,0.014078
2.129956,0.009981,0.002852,0.054787,0.054862
2.139995,0.010038,-0.005528,-0.013447,0.014539
2.149994,0.009999,0.005246,0.004509,0.006918
2.159965,0.009971,0.037568,-0.019433,0.042296
2.169976,0.010012,0.014823,-0.024221,0.028397
2.179986,0.010009,0.014823,0.027254,0.031024
2.189981,0.009995,-0.001937,0.011692,0.011851
2.199966,0.009985,0.005246,-0.002673,0.005888
2.209976,0.010010,-0.000740,0.005706,0.005754
2.219959,0.009983,-0.023484,-0.039784,0.046198
2.229973,0.010015,-0.016302,-0.020630,0.026293
2.239993,0.010020,-0.010316,0.014086,0.017460
2.249988,0.009995,-0.000740,0.036831,0.036838
2.259964,0.009976,0.020808,0.033240,0.039215
2.269962,0.009998,0.010034,0.017677,0.020327
2.279971,0.010009,-0.040244,0.014086,0.042638
2.289987,0.010015,0.011231,0.030845,0.032827
2.299953,0.009966,-0.010316,0.018874,0.021510
2.309943,0.009990,-0.001937,-0.003871,0.004328
2.319947,0.010004,-0.019893,-0.018236,0.026987
2.329968,0.010021,0.007640,-0.013447,0.015466
2.339966,0.009998,-0.015105,0.005706,0.016147
2.349959,0.009993,0.016020,0.004509,0.016642
2.359979,0.010020,0.005246,-0.038587,0.038941
2.369955,0.009976,0.006443,-0.018236,0.019341
2.379955,0.010000,-0.013908,-0.007462,0.015783
2.389979,0.010025,0.008837,0.018874,0.020841
2.399947,0.009968,-0.000740,0.022466,0.022478
2.410045,0.010098,0.007640,-0.008659,0.011548
2.419984,0.009939,0.005246,0.011692,0.012815
2.429963,0.009978,-0.009119,0.008100,0.012197
2.439985,0.010023,-0.001937,-0.003871,0.004328
2.449988,0.010003,0.022005,-0.017039,0.027831
2.459976,0.009988,0.023202,-0.024221,0.033541
2.469962,0.009986,0.007640,0.003312,0.008327
2.479976,0.010015,-0.039047,-0.012250,0.040923
2.489983,0.010006,-0.010316,0.006903,0.012413
2.499974,0.009991,0.011231,-0.017039,0.020407
2.509959,0.009984,0.022005,0.020071,0.029784
2.519947,0.009988,0.023202,0.040422,0.046608
2.529937,0.009990,-0.004331,0.017677,0.018200
2.539937,0.010000,0.032779,-0.030207,0.044575
2.549966,0.010029,0.013626,0.022466,0.026275
2.559968,0.010002,-0.023484,-0.011053,0.025956
2.569949,0.009982,-0.011513,-0.019433,0.022588
2.579969,0.010020,-0.018696,-0.009856,0.021135
2.589980,0.010011,0.004049,-0.003871,0.005601
2.599987,0.010007,0.006443,0.008100,0.010350
2.609957,0.009969,0.011231,-0.006265,0.012861
2.619999,0.010042,0.006443,-0.009856,0.011775
2.629968,0.009969,0.020808,-0.008659,0.022538
2.639978,0.010010,0.012429,0.042816,0.044584
2.649986,0.010008,0.022005,-0.014645,0.026433
2.659971,0.009985,-0.010316,-0.001476,0.010421
2.671124,0.011153,-0.011513,0.010495,0.015579
2.680089,0.008965,0.010034,-0.006265,0.011829
2.690000,0.009912,0.019611,-0.012250,0.023123
2.699954,0.009954,0.002852,-0.045769,0.045858
2.709949,0.009995,0.010034,-0.020630,0.022941
2.719979,0.010031,-0.004331,-0.001476,0.004576
2.729995,0.010016,0.000458,0.015283,0.015290
2.739977,0.009982,0.013626,0.033240,0.035924
2.749996,0.010018,0.026794,0.011692,0.029234
2.759959,0.009964,-0.015105,0.055984,0.057986
2.769963,0.010004,0.002852,-0.023024,0.023200
2.779968,0.010005,0.031582,0.046408,0.056135
2.789973,0.010006,0.002852,-0.002673,0.003909
2.799941,0.009968,-0.024682,-0.015842,0.029328
2.809967,0.010026,0.020808,-0.037389,0.042790
2.819970,0.010003,0.031582,0.002115,0.031653
2.830003,0.010033,-0.009119,0.014086,0.016780
2.839962,0.009959,0.031582,-0.023024,0.039084
2.850164,0.010202,0.020808,-0.009856,0.023024
2.859977,0.009813,-0.009119,-0.019433,0.021466
2.869986,0.010009,-0.000740,-0.003871,0.003941
2.879941,0.009955,0.000458,0.011692,0.011701
2.889921,0.009980,0.029188,0.038028,0.047938
2.899962,0.010041,0.027991,0.044013,0.052160
2.910014,0.010052,0.005246,0.052393,0.052655
2.920062,0.010048,0.012429,0.006903,0.014217
2.930007,0.009945,0.000458,0.020071,0.020077
2.939986,0.009979,0.002852,-0.019433,0.019641
2.949960,0.009973,0.007640,-0.044572,0.045222
2.960027,0.010068,-0.019893,0.026057,0.032783
2.969977,0.009949,-0.025879,0.041619,0.049009
2.980088,0.010111,-0.015105,0.022466,0.027071
2.990026,0.009938,-0.004331,0.032042,0.032334
2.999991,0.009965,0.011231,0.018874,0.021963
3.009958,0.009967,0.022005,0.009298,0.023889
3.019986,0.010028,0.012429,0.023663,0.026728
3.030003,0.010017,0.023202,-0.003871,0.023523
3.039965,0.009962,0.030385,0.028451,0.041626
3.049994,0.010029,0.006443,0.028451,0.029172
3.059978,0.009985,-0.003134,-0.017039,0.017324
3.069977,0.009999,-0.018696,-0.018236,0.026117
3.079978,0.010001,0.014823,-0.021827,0.026384
3.090202,0.010224,-0.001937,-0.018236,0.018338
3.100051,0.009850,0.033976,-0.009856,0.035377
3.109972,0.009921,-0.012711,-0.017039,0.021257
3.119971,0.009998,0.006443,-0.029010,0.029717
3.129960,0.009990,0.014823,0.016480,0.022165
3.139993,0.010032,-0.000740,0.004509,0.004569
3.149962,0.009969,-0.003134,-0.043375,0.043488
3.159986,0.010024,-0.012711,-0.019433,0.023221
3.169961,0.009975,-0.003134,-0.027813,0.027989
3.179950,0.009988,-0.006725,-0.045769,0.046261
3.190009,0.010059,0.012429,-0.003871,0.013017
3.199963,0.009954,-0.013908,-0.008659,0.016383
3.209946,0.009983,-0.035455,0.030845,0.046995
3.219958,0.010012,0.029188,0.005706,0.029741
3.229950,0.009992,0.018414,0.042816,0.046608
3.239960,0.010010,0.011231,0.046408,0.047747
3.249971,0.010011,-0.023484,-0.014645,0.027676
3.259963,0.009991,-0.023484,0.015283,0.028019
3.269950,0.009987,0.008837,0.010495,0.013720
3.279944,0.009994,0.030385,-0.033798,0.045448
3.289954,0.010010,0.007640,-0.006265,0.009880
3.299945,0.009991,0.012429,0.002115,0.012607
3.309941,0.009996,-0.024682,-0.042178,0.048869
3.319965,0.010024,-0.013908,0.011692,0.018169
3.329954,0.009989,0.027991,-0.026616,0.038625
3.339955,0.010002,0.002852,0.049999,0.050080
3.349966,0.010010,0.005246,0.029648,0.030109
3.359987,0.010022,0.022005,-0.000279,0.022007
3.369958,0.009971,0.025597,-0.024221,0.035240
3.379945,0.009986,0.007640,-0.000279,0.007645
3.389966,0.010021,-0.023484,-0.037389,0.044153
3.399941,0.009976,0.007640,-0.017039,0.018673
3.409939,0.009998,0.024400,-0.018236,0.030461
3.419936,0.009997,0.012429,-0.019433,0.023067
3.429946,0.010010,-0.016302,-0.001476,0.016369
3.439972,0.010026,0.025597,-0.000279,0.025598
3.449938,0.009966,0.024400,0.036831,0.044180
3.459947,0.010009,0.012429,0.034437,0.036611
3.469970,0.010024,0.022005,0.012889,0.025502
3.479940,0.009970,-0.004331,0.038028,0.038274
3.490021,0.010080,0.032779,-0.011053,0.034593
3.499965,0.009944,0.026794,-0.015842,0.031127
3.509977,0.010012,0.013626,-0.006265,0.014997
3.519951,0.009974,-0.030667,-0.030207,0.043046
3.529977,0.010026,0.002852,-0.017039,0.017276
3.539951,0.009974,0.026794,0.018874,0.032774
3.549987,0.010036,-0.007922,0.004509,0.009116
3.560070,0.010084,-0.022287,-0.000279,0.022289
3.570051,0.009981,0.022005,-0.046966,0.051866
3.579953,0.009902,0.012429,0.044013,0.045735
3.589977,0.010024,0.006443,0.044013,0.044483
3.600151,0.010174,0.010034,-0.019433,0.021871
3.609967,0.009816,0.011231,-0.012250,0.016620
3.619966,0.009999,0.026794,0.066758,0.071935
3.629946,0.009980,0.031582,-0.006265,0.032198
3.639975,0.010029,0.014823,-0.005068,0.015665
3.649962,0.009987,0.020808,0.022466,0.030622
3.660005,0.010043,-0.021090,0.015283,0.026046
3.669998,0.009993,-0.005528,-0.024221,0.024844
3.679981,0.009983,0.014823,0.034437,0.037491
3.689985,0.010004,-0.013908,0.027254,0.030597
3.699963,0.009978,0.053130,0.036831,0.064648
3.709943,0.009980,0.044750,-0.007462,0.045368
3.719966,0.010023,0.025597,0.024860,0.035682
3.729935,0.009969,0.023202,0.028451,0.036713
3.739941,0.010006,0.006443,-0.026616,0.027384
3.749955,0.010014,-0.035455,-0.052952,0.063726
3.759993,0.010038,0.000458,0.018874,0.018880
3.769922,0.009929,0.018414,0.027254,0.032892
3.779954,0.010032,0.013626,0.016480,0.021383
3.790034,0.010080,-0.034258,-0.018236,0.038810
3.799996,0.009963,0.008837,-0.001476,0.008960
3.809965,0.009969,0.033976,0.017677,0.038300
3.819975,0.010010,0.026794,-0.057740,0.063654
3.829984,0.010009,0.002852,0.003312,0.004371
3.840003,0.010019,0.027991,-0.015842,0.032163
3.850012,0.010009,0.008837,0.009298,0.012827
3.860006,0.009994,-0.009119,-0.030207,0.031553
3.869938,0.009931,-0.023484,0.003312,0.023717
3.879958,0.010020,0.036371,-0.021827,0.042417
3.889971,0.010013,0.022005,0.015283,0.026792
3.899935,0.009964,0.014823,0.009298,0.017497
3.909931,0.009996,0.005246,0.012889,0.013916
3.919968,0.010037,0.002852,-0.012250,0.012578
3.929985,0.010017,0.006443,-0.027813,0.028549
3.939952,0.009967,0.017217,-0.034995,0.039001
3.949969,0.010017,0.012429,-0.050558,0.052063
3.960061,0.010092,0.023202,0.011692,0.025982
3.970003,0.009942,-0.012711,0.032042,0.034471
3.979959,0.009956,0.024400,-0.027813,0.036998
3.990304,0.010344,0.026794,-0.080485,0.084828
3.999964,0.009660,-0.011513,0.012889,0.017282
4.010018,0.010054,0.004049,0.051196,0.051356
4.020002,0.009984,0.006443,0.017677,0.018815
4.030011,0.010009,-0.003134,0.029648,0.029813
4.040015,0.010003,-0.011513,-0.006265,0.013108
4.050015,0.010001,0.057918,0.018874,0.060916
4.060038,0.010023,0.001655,0.047605,0.047633
4.070020,0.009981,-0.009119,0.065561,0.066192
4.080014,0.009994,0.019611,-0.013447,0.023779
4.090210,0.010196,0.022005,0.036831,0.042904
4.099997,0.009787,-0.015105,0.021269,0.026086
4.109992,0.009995,-0.011513,-0.015842,0.019584
4.119970,0.009978,0.030385,-0.042178,0.051983
4.129963,0.009994,0.053130,-0.009856,0.054036
4.139992,0.010029,-0.009119,0.032042,0.033315
4.149964,0.009972,-0.010316,0.079926,0.080589
4.159988,0.010023,0.000458,0.047605,0.047607
4.169978,0.009990,0.039962,0.047605,0.062154
4.179954,0.009976,-0.012711,0.029648,0.032258
4.189988,0.010034,0.012429,0.011692,0.017064
4.199965,0.009977,-0.001937,0.023663,0.023742
4.209954,0.009989,0.011231,-0.000279,0.011235
4.220026,0.010072,-0.007922,0.051196,0.051805
4.229948,0.009922,0.004049,-0.034995,0.035229
4.240007,0.010059,-0.001937,0.044013,0.044056
4.249961,0.009955,-0.029470,0.020071,0.035656
4.259969,0.010008,-0.015105,-0.006265,0.016352
4.269973,0.010003,-0.003134,-0.019433,0.019684
4.279972,0.009999,0.027991,0.036831,0.046260
4.289965,0.009994,-0.009119,0.020071,0.022046
4.299973,0.010008,0.013626,-0.006265,0.014997
4.309973,0.009999,-0.003134,-0.001476,0.003464
4.319961,0.009989,0.019611,0.006903,0.020791
4.329947,0.009986,0.017217,-0.050558,0.053409
4.339996,0.010049,-0.000740,0.003312,0.003394
4.350045,0.010049,0.026794,0.021269,0.034209
4.360051,0.010006,-0.004331,-0.003871,0.005808
4.369981,0.009930,-0.011513,0.021269,0.024185
4.379970,0.009989,-0.022287,-0.039784,0.045601
4.389987,0.010017,-0.022287,0.004509,0.022739
4.399974,0.009987,0.017217,-0.002673,0.017423
4.409989,0.010015,0.012429,-0.001476,0.012516
4.419991,0.010002,0.031582,0.011692,0.033677
4.429952,0.009961,-0.005528,0.011692,0.012933
4.439994,0.010042,-0.003134,-0.015842,0.016149
4.449945,0.009952,-0.007922,-0.025418,0.026624
4.459943,0.009998,0.011231,-0.027813,0.029995
4.469969,0.010026,0.033976,-0.031404,0.046267
4.479949,0.009980,0.032779,-0.006265,0.033373
4.489971,0.010022,0.012429,-0.019433,0.023067
4.499958,0.009987,0.023202,0.008100,0.024576
4.509950,0.009992,0.017217,-0.009856,0.019839
4.519953,0.010003,-0.011513,-0.003871,0.012147
4.529951,0.009998,-0.010316,-0.039784,0.041099
4.540005,0.010054,0.007640,0.022466,0.023729
4.549959,0.009954,0.007640,0.024860,0.026007
4.559981,0.010021,0.002852,-0.018236,0.018457
4.569950,0.009969,-0.021090,0.027254,0.034461
4.579952,0.010002,-0.022287,-0.003871,0.022621
4.589965,0.010013,-0.009119,-0.029010,0.030409
4.599974,0.010009,0.013626,0.010495,0.017199
4.609962,0.009988,-0.035455,0.017677,0.039618
4.619963,0.010001,-0.006725,0.021269,0.022306
4.629968,0.010005,-0.006725,0.020071,0.021168
4.640006,0.010037,-0.025879,0.000918,0.025895
4.649946,0.009941,0.013626,-0.061331,0.062827
4.660032,0.010086,-0.011513,-0.036192,0.037980
4.669985,0.009953,0.020808,0.011692,0.023868
4.679961,0.009976,0.007640,-0.029010,0.029999
4.690001,0.010040,0.005246,-0.014645,0.015556
4.699948,0.009947,0.018414,0.020071,0.027239
4.709938,0.009991,-0.000740,0.005706,0.005754
4.719973,0.010035,-0.004331,0.012889,0.013597
4.729953,0.009980,-0.011513,-0.019433,0.022588
4.739997,0.010044,0.025597,-0.025418,0.036073
4.749961,0.009964,0.038765,0.024860,0.046051
4.760009,0.010048,0.012429,0.022466,0.025674
4.769977,0.009968,-0.000740,0.026057,0.026067
4.779965,0.009988,0.017217,-0.014645,0.022603
4.789966,0.010000,0.005246,0.020071,0.020746
4.799940,0.009974,0.006443,0.017677,0.018815
4.809967,0.010027,-0.035455,0.044013,0.056518
4.819956,0.009989,-0.001937,-0.020630,0.020721
4.829965,0.010009,-0.022287,0.051196,0.055837
4.839985,0.010020,0.032779,-0.006265,0.033373
4.849956,0.009971,0.001655,-0.012250,0.012362
4.859971,0.010015,-0.018696,0.010495,0.021440
4.869970,0.009999,-0.007922,0.041619,0.042367
4.879973,0.010004,0.006443,0.096686,0.096900
4.889946,0.009973,0.005246,-0.027813,0.028303
4.899976,0.010029,-0.000740,-0.024221,0.024233
4.909942,0.009967,0.008837,-0.023024,0.024662
4.919955,0.010012,0.011231,-0.008659,0.014182
4.929952,0.009998,-0.022287,-0.017039,0.028054
4.939985,0.010032,-0.017499,-0.018236,0.025274
4.949988,0.010003,0.001655,0.002115,0.002685
4.959988,0.010000,0.010034,0.045211,0.046311
4.970020,0.010033,-0.012711,-0.006265,0.014171
4.979963,0.009943,-0.036653,0.010495,0.038125
4.989963,0.010000,0.001655,-0.020630,0.020696
4.999972,0.010009,-0.007922,-0.011053,0.013599
5.009952,0.009979,-0.011513,-0.014645,0.018628
5.020011,0.010059,0.006443,-0.006265,0.008987
5.029963,0.009952,0.010034,-0.008659,0.013254
5.040006,0.010044,0.005246,0.005706,0.007751
5.049962,0.009956,0.005246,0.002115,0.005656
5.059961,0.009999,0.017217,-0.032601,0.036868
5.069967,0.010006,0.026794,-0.014645,0.030535
5.079973,0.010005,0.027991,-0.017039,0.032769
5.090164,0.010192,-0.019893,0.006903,0.021057
5.100028,0.009864,-0.031864,0.000918,0.031877
5.109968,0.009940,0.007640,-0.007462,0.010680
5.119990,0.010022,0.000458,0.046408,0.046410
5.129971,0.009981,-0.012711,0.046408,0.048117
5.139986,0.010015,0.004049,-0.027813,0.028106
5.149980,0.009994,0.008837,0.051196,0.051953
5.159948,0.009968,0.004049,0.067955,0.068076
5.169963,0.010015,0.022005,0.034437,0.040867
5.179955,0.009992,-0.000740,0.006903,0.006943
5.189965,0.010009,0.035173,-0.006265,0.035727
5.199956,0.009992,0.030385,-0.014645,0.033730
5.209957,0.010001,0.014823,0.006903,0.016351
5.219965,0.010008,0.031582,-0.017039,0.035885
5.229963,0.009998,0.031582,-0.009856,0.033084
5.239999,0.010036,0.011231,-0.018236,0.021417
5.249951,0.009953,0.016020,0.018874,0.024756
5.259943,0.009992,-0.018696,0.008100,0.020375
5.269963,0.010020,0.004049,0.024860,0.025187
5.279943,0.009980,0.005246,0.020071,0.020746
5.289958,0.010016,-0.017499,-0.021827,0.027976
5.299974,0.010016,-0.006725,-0.001476,0.006885
5.309971,0.009996,0.005246,0.008100,0.009651
5.320003,0.010032,-0.015105,-0.011053,0.018717
5.329949,0.009946,0.019611,-0.048163,0.052003
5.340006,0.010056,-0.001937,-0.008659,0.008873
5.349943,0.009938,0.022005,-0.005068,0.022581
5.359992,0.010049,0.019611,0.051196,0.054824
5.369952,0.009960,-0.001937,0.045211,0.045252
5.379964,0.010012,0.031582,0.023663,0.039463
5.389955,0.009991,0.018414,0.047605,0.051042
5.399980,0.010025,0.029188,0.015283,0.032947
5.410080,0.010101,0.005246,0.006903,0.008670
5.420018,0.009937,0.004049,-0.045769,0.045948
5.429957,0.009940,0.026794,0.032042,0.041769
5.439993,0.010036,0.018414,-0.005068,0.019099
5.449970,0.009977,0.024400,0.029648,0.038397
5.459969,0.009999,0.000458,0.000918,0.001026
5.469965,0.009997,0.014823,0.002115,0.014973
5.479936,0.009970,0.032779,0.040422,0.052043
5.489966,0.010031,0.002852,-0.007462,0.007988
5.499945,0.009979,-0.011513,0.006903,0.013424
5.509960,0.010015,0.000458,-0.036192,0.036195
5.519951,0.009991,-0.015105,0.054787,0.056831
5.529973,0.010022,-0.022287,0.039225,0.045115
5.539981,0.010008,-0.015105,0.005706,0.016147
5.549943,0.009962,0.010034,-0.009856,0.014065
5.559970,0.010027,0.022005,0.005706,0.022733
5.569972,0.010002,0.000458,0.045211,0.045213
5.579971,0.009999,0.022005,0.008100,0.023449
5.589973,0.010003,0.008837,0.008100,0.011988
5.599967,0.009994,0.005246,0.000918,0.005326
5.609967,0.010000,0.022005,0.020071,0.029784
5.619977,0.010010,0.005246,0.017677,0.018439
5.629970,0.009992,0.014823,0.028451,0.032081
5.639986,0.010016,-0.011513,0.022466,0.025244
5.649961,0.009975,-0.013908,0.000918,0.013938
5.659966,0.010005,0.016020,-0.011053,0.019463
5.669945,0.009979,-0.004331,0.008100,0.009185
5.679977,0.010032,-0.010316,0.034437,0.035949
5.689980,0.010002,0.005246,0.024860,0.025407
5.699961,0.009981,0.012429,-0.037389,0.039401
5.709978,0.010017,0.000458,0.008100,0.008113
5.719965,0.009987,0.039962,0.027254,0.048371
5.729971,0.010005,0.008837,0.004509,0.009921
5.739993,0.010022,0.016020,-0.020630,0.026120
5.749945,0.009953,-0.017499,-0.013447,0.022069
5.759972,0.010026,0.007640,-0.008659,0.011548
5.769978,0.010006,0.005246,-0.012250,0.013326
5.779958,0.009980,0.006443,0.016480,0.017695
5.789966,0.010008,0.031582,-0.009856,0.033084
5.799937,0.009971,0.018414,-0.030207,0.035377
5.809939,0.010002,-0.024682,0.036831,0.044336
5.819947,0.010008,0.005246,-0.032601,0.033020
5.829946,0.009999,-0.010316,0.023663,0.025814
5.839985,0.010039,-0.010316,0.012889,0.016509
5.849941,0.009956,0.029188,-0.000279,0.029189
5.859978,0.010038,-0.006725,-0.002673,0.007237
5.869976,0.009998,0.000458,-0.031404,0.031407
5.879973,0.009996,0.018414,-0.068514,0.070945
5.889980,0.010007,0.016020,0.036831,0.040164
5.899994,0.010014,0.032779,-0.005068,0.033169
5.909958,0.009964,-0.019893,-0.032601,0.038191
5.919948,0.009990,-0.024682,0.030845,0.039505
5.929960,0.010013,0.014823,-0.005068,0.015665
5.939988,0.010028,-0.016302,-0.015842,0.022731
5.949994,0.010006,-0.001937,0.015283,0.015405
5.960003,0.010009,-0.017499,-0.017039,0.024424
5.969932,0.009929,0.013626,0.003312,0.014022
5.980060,0.010128,-0.040244,-0.009856,0.041433
5.989972,0.009911,0.006443,-0.003871,0.007516
5.999969,0.009998,0.027991,0.055984,0.062592
6.009949,0.009980,0.005246,0.008100,0.009651
6.019982,0.010032,0.005246,-0.003871,0.006519
6.029993,0.010011,0.020808,0.018874,0.028093
6.039981,0.009989,0.014823,0.004509,0.015493
6.049936,0.009955,0.008837,0.002115,0.009087
6.059961,0.010025,0.029188,0.023663,0.037575
6.070058,0.010097,0.012429,-0.023024,0.026165
6.079929,0.009871,0.006443,-0.017039,0.018216
6.090155,0.010226,0.025597,-0.009856,0.027429
6.099962,0.009807,0.016020,-0.002673,0.016241
6.109963,0.010001,0.010034,-0.020630,0.022941
6.119984,0.010021,-0.005528,-0.040981,0.041352
6.129984,0.010000,-0.013908,-0.014645,0.020196
6.139977,0.009992,0.027991,0.024860,0.037437
6.149976,0.009999,0.000458,-0.019433,0.019438
6.159986,0.010010,-0.001937,0.026057,0.026129
6.170016,0.010030,0.002852,-0.008659,0.009117
6.179974,0.009958,0.005246,0.033240,0.033651
6.189971,0.009997,0.002852,-0.038587,0.038692
6.199981,0.010010,0.001655,0.009298,0.009444
6.209973,0.009992,-0.001937,0.016480,0.016594
6.219962,0.009989,-0.010316,-0.021827,0.024142
6.229966,0.010005,-0.015105,-0.013447,0.020223
6.239982,0.010015,0.008837,0.011692,0.014656
6.249991,0.010010,0.001655,0.003312,0.003702
6.259975,0.009984,-0.010316,0.032042,0.033662
6.270012,0.010037,0.017217,0.023663,0.029263
6.279953,0.009941,0.008837,0.021269,0.023031
6.289961,0.010008,0.006443,0.047605,0.048039
6.299950,0.009989,0.001655,0.042816,0.042848
6.309951,0.010000,0.007640,-0.018236,0.019772
6.319973,0.010022,-0.022287,0.016480,0.027719
6.329960,0.009987,-0.007922,-0.023024,0.024349
6.339977,0.010017,-0.007922,0.014086,0.016161
6.349963,0.009986,-0.001937,-0.003871,0.004328
6.359973,0.010010,0.035173,0.016480,0.038843
6.370002,0.010029,0.030385,-0.018236,0.035437
6.379973,0.009971,0.006443,0.048802,0.049225
6.389971,0.009998,0.020808,-0.054149,0.058009
6.399977,0.010005,0.030385,0.028451,0.041626
6.409960,0.009983,-0.001937,-0.033798,0.033854
6.420001,0.010041,0.005246,0.052393,0.052655
6.429975,0.009974,0.016020,0.014086,0.021332
6.439962,0.009987,0.008837,0.032042,0.033239
6.450000,0.010037,0.010034,-0.018236,0.020814
6.459972,0.009973,0.000458,0.011692,0.011701
6.469991,0.010019,0.011231,-0.029010,0.031108
6.479949,0.009958,0.007640,-0.002673,0.008094
6.489989,0.010040,0.020808,0.005706,0.021577
6.499992,0.010003,0.014823,-0.038587,0.041336
6.509972,0.009980,0.014823,-0.025418,0.029425
6.520000,0.010028,0.001655,-0.011053,0.011176
6.529963,0.009963,-0.009119,0.014086,0.016780
6.539999,0.010037,0.023202,0.026057,0.034890
6.549959,0.009960,0.000458,-0.008659,0.008671
6.560084,0.010125,0.030385,0.034437,0.045925
6.570056,0.009972,0.017217,-0.005068,0.017947
6.580079,0.010022,0.016020,0.040422,0.043481
6.590003,0.009924,-0.001937,0.042816,0.042860
6.600085,0.010082,0.025597,-0.001476,0.025639
6.609971,0.009886,0.008837,-0.050558,0.051324
6.619982,0.010011,0.016020,0.010495,0.019151
6.629961,0.009979,0.004049,-0.000279,0.004058
6.640019,0.010058,0.017217,0.024860,0.030240
6.649950,0.009931,0.019611,0.046408,0.050381
6.660001,0.010051,0.031582,-0.018236,0.036469
6.669966,0.009965,-0.029470,0.018874,0.034996
6.679986,0.010020,0.016020,-0.054149,0.056469
6.690035,0.010049,0.026794,0.041619,0.049498
6.699997,0.009962,0.012429,0.030845,0.033255
6.709942,0.009945,0.019611,-0.002673,0.019793
6.719996,0.010055,-0.000740,0.010495,0.010521
6.729950,0.009954,-0.029470,0.018874,0.034996
6.739998,0.010048,0.020808,0.012889,0.024477
6.749991,0.009993,-0.031864,0.020071,0.037659
6.760017,0.010026,-0.007922,-0.060134,0.060654
6.770040,0.010023,0.029188,-0.040981,0.050313
6.780099,0.010058,0.016020,0.028451,0.032651
6.789955,0.009856,-0.004331,-0.018236,0.018743
6.799994,0.010039,0.011231,0.020071,0.023000
6.809951,0.009957,0.000458,0.035634,0.035637
6.820000,0.010049,-0.017499,0.028451,0.033402
6.829949,0.009949,0.000458,0.046408,0.046410
6.840027,0.010078,-0.005528,0.020071,0.020819
6.849982,0.009954,0.022005,-0.008659,0.023648
6.860415,0.010433,0.017217,-0.029010,0.033734
6.870639,0.010224,0.027991,-0.038587,0.047670
6.880061,0.009422,-0.003134,0.003312,0.004560
6.889981,0.009920,0.032779,-0.038587,0.050630
6.900008,0.010028,0.017217,-0.018236,0.025079
6.909971,0.009962,-0.000740,0.000918,0.001179
6.919991,0.010021,0.033976,0.017677,0.038300
6.929965,0.009973,0.012429,0.010495,0.016267
6.939987,0.010022,-0.000740,0.021269,0.021281
6.950003,0.010017,0.010034,-0.019433,0.021871
6.960001,0.009998,0.004049,0.004509,0.006060
6.969975,0.009973,0.012429,0.010495,0.016267
6.980007,0.010033,0.025597,0.015283,0.029812
6.989976,0.009969,-0.001937,0.006903,0.007170
7.000015,0.010039,-0.001937,-0.014645,0.014772
7.009978,0.009962,0.001655,-0.005068,0.005331
7.019998,0.010020,0.006443,0.016480,0.017695
7.029971,0.009973,0.024400,-0.021827,0.032738
7.039999,0.010028,-0.001937,-0.018236,0.018338
7.049996,0.009997,0.000458,-0.031404,0.031407
7.059979,0.009983,0.005246,0.002115,0.005656
7.070439,0.010460,0.001655,0.020071,0.020140
7.080005,0.009566,-0.000740,0.052393,0.052398
7.090306,0.010301,-0.009119,-0.013447,0.016248
7.100010,0.009704,0.006443,0.033240,0.033858
7.109991,0.009981,0.007640,0.033240,0.034106
7.119975,0.009984,0.006443,0.008100,0.010350
7.129954,0.009979,0.006443,0.045211,0.045667
7.139963,0.010009,0.002852,0.010495,0.010875
7.149997,0.010034,-0.004331,-0.002673,0.005090
7.159991,0.009994,-0.003134,0.014086,0.014430
7.169961,0.009971,0.016020,0.012889,0.020561
7.179951,0.009990,-0.027076,0.028451,0.039275
7.189972,0.010021,0.006443,-0.023024,0.023909
7.199972,0.010000,0.007640,-0.009856,0.012471
7.209953,0.009981,0.006443,0.003312,0.007244
7.219967,0.010014,0.042356,-0.012250,0.044092
7.229965,0.009998,-0.022287,-0.019433,0.029570
7.240058,0.010092,0.008837,0.022466,0.024141
7.250023,0.009965,0.010034,0.010495,0.014520
7.259972,0.009949,-0.013908,-0.020630,0.024880
7.269957,0.009985,-0.015105,0.030845,0.034345
7.279968,0.010011,0.008837,-0.018236,0.020264
7.289975,0.010007,0.031582,0.028451,0.042508
7.299972,0.009997,0.020808,0.006903,0.021924
7.310065,0.010093,-0.015105,-0.030207,0.033773
7.320009,0.009944,-0.027076,-0.058937,0.064859
7.329957,0.009948,0.005246,-0.007462,0.009121
7.339983,0.010026,-0.005528,0.011692,0.012933
7.350094,0.010111,-0.003134,-0.046966,0.047071
7.359995,0.009900,-0.010316,0.003312,0.010835
7.369973,0.009979,0.025597,0.011692,0.028140
7.380009,0.010036,0.001655,0.009298,0.009444
7.389984,0.009975,0.005246,0.002115,0.005656
7.399983,0.009999,-0.010316,-0.006265,0.012070
7.409961,0.009978,0.026794,-0.001476,0.026834
7.419997,0.010036,-0.013908,0.009298,0.016729
7.429957,0.009960,0.000458,0.016480,0.016486
7.439992,0.010035,-0.016302,0.005706,0.017272
7.449991,0.009999,0.004049,-0.062529,0.062659
7.459995,0.010005,0.025597,-0.015842,0.030102
7.469962,0.009967,0.039962,0.004509,0.040215
7.479984,0.010022,0.032779,-0.023024,0.040057
7.489976,0.009991,0.008837,0.008100,0.011988
7.499999,0.010023,0.054327,0.004509,0.054514
7.509970,0.009972,0.001655,-0.036192,0.036230
7.519997,0.010027,-0.010316,-0.045769,0.046917
7.529960,0.009963,-0.019893,0.009298,0.021959
7.539981,0.010021,0.018414,-0.029010,0.034360
7.549981,0.010000,-0.012711,0.033240,0.035587
7.560096,0.010114,-0.006725,0.018874,0.020037
7.569960,0.009864,-0.003134,-0.019433,0.019684
7.580020,0.010060,0.013626,-0.019433,0.023734
7.589986,0.009966,0.012429,-0.000279,0.012432
7.600020,0.010034,-0.000740,-0.017039,0.017055
7.609966,0.009946,-0.005528,-0.020630,0.021358
7.620006,0.010040,0.039962,0.024860,0.047063
7.629950,0.009944,0.019611,-0.020630,0.028464
7.639997,0.010047,0.002852,0.057182,0.057253
7.650006,0.010010,-0.025879,0.002115,0.025965
7.660005,0.009998,-0.000740,-0.012250,0.012273
7.669971,0.009967,0.018414,-0.008659,0.020348
7.679999,0.010027,-0.017499,0.073941,0.075983
7.690000,0.010001,-0.003134,-0.005068,0.005958
7.699992,0.009992,0.000458,-0.002673,0.002712
7.709982,0.009990,-0.010316,-0.012250,0.016016
7.720001,0.010019,0.038765,0.036831,0.053472
7.729948,0.009946,0.042356,-0.044572,0.061487
7.739976,0.010028,0.024400,0.008100,0.025709
7.749953,0.009977,-0.004331,0.012889,0.013597
7.760001,0.010048,0.012429,0.010495,0.016267
7.769960,0.009959,0.008837,0.034437,0.035552
7.780023,0.010063,-0.006725,-0.052952,0.053377
7.789970,0.009947,-0.007922,-0.032601,0.033550
7.799977,0.010007,0.008837,-0.026616,0.028044
7.809960,0.009983,0.019611,0.034437,0.039629
7.819996,0.010036,0.018414,0.034437,0.039051
7.829954,0.009958,0.024400,-0.001476,0.024444
7.839983,0.010029,-0.043835,-0.003871,0.044006
7.850015,0.010032,0.004049,-0.027813,0.028106
7.859993,0.009978,-0.017499,0.005706,0.018406
7.869979,0.009986,-0.011513,-0.018236,0.021566
7.880039,0.010060,0.012429,-0.044572,0.046272
7.889957,0.009917,0.008837,0.055984,0.056678
7.899967,0.010010,0.006443,0.030845,0.031511
7.909982,0.010015,-0.006725,0.012889,0.014538
7.919978,0.009996,0.044750,0.002115,0.044800
7.929960,0.009982,0.001655,0.028451,0.028499
7.939976,0.010015,0.013626,-0.012250,0.018323
7.949955,0.009979,-0.004331,-0.045769,0.045974
7.959982,0.010027,-0.009119,-0.002673,0.009503
7.970010,0.010028,-0.010316,-0.002673,0.010657
7.979999,0.009989,-0.010316,0.017677,0.020467
7.989970,0.009972,-0.022287,0.016480,0.027719
7.999993,0.010023,0.008837,0.004509,0.009921
8.009954,0.009961,0.001655,0.054787,0.054812
8.020010,0.010055,0.014823,-0.014645,0.020837
8.030219,0.010210,0.006443,0.029648,0.030340
8.040109,0.009890,0.020808,0.022466,0.030622
8.050054,0.009945,-0.025879,-0.007462,0.026933
8.060018,0.009964,-0.012711,0.016480,0.020812
8.069987,0.009969,0.004049,-0.015842,0.016351
8.079993,0.010006,0.001655,0.029648,0.029694
8.090424,0.010430,0.011231,0.005706,0.012598
8.100179,0.009756,-0.023484,0.000918,0.023502
8.110073,0.009893,0.006443,-0.009856,0.011775
8.120038,0.009965,-0.013908,-0.018236,0.022934
8.130028,0.009990,-0.015105,0.026057,0.030118
8.140000,0.009972,0.018414,0.011692,0.021812
8.150388,0.010389,-0.022287,-0.018236,0.028797
8.160121,0.009733,0.023202,0.038028,0.044547
8.169995,0.009874,-0.001937,0.012889,0.013034
8.179970,0.009974,0.010034,-0.008659,0.013254
8.190129,0.010159,0.010034,-0.015842,0.018752
8.200005,0.009876,0.024400,-0.003871,0.024705
8.209988,0.009984,-0.003134,0.054787,0.054877
8.220022,0.010033,0.037568,-0.000279,0.037569
8.229985,0.009964,-0.013908,0.022466,0.026422
8.240121,0.010136,0.029188,-0.009856,0.030807
8.250060,0.009939,0.032779,0.014086,0.035678
8.260235,0.010175,0.022005,-0.007462,0.023236
8.269969,0.009735,0.001655,-0.024221,0.024278
8.279971,0.010002,-0.000740,0.008100,0.008134
8.290075,0.010104,-0.004331,-0.012250,0.012993
8.299986,0.009911,0.011231,0.012889,0.017096
8.309993,0.010007,0.006443,-0.008659,0.010793
8.320008,0.010015,-0.009119,0.039225,0.040271
8.329957,0.009949,-0.018696,0.060773,0.063584
8.339996,0.010039,0.016020,0.038028,0.041265
8.350037,0.010041,0.054327,0.002115,0.054368
8.360028,0.009991,0.004049,0.029648,0.029923
8.369998,0.009970,0.023202,-0.033798,0.040996
8.379994,0.009996,0.023202,-0.025418,0.034416
8.390067,0.010073,-0.012711,0.010495,0.016483
8.400012,0.009945,-0.010316,-0.025418,0.027432
8.410412,0.010400,-0.005528,-0.014645,0.015653
8.420104,0.009692,-0.015105,0.023663,0.028073
8.430093,0.009989,-0.009119,0.026057,0.027607
8.440006,0.009913,-0.013908,-0.045769,0.047836
8.450015,0.010008,0.017217,0.004509,0.017798
8.460008,0.009993,0.042356,-0.026616,0.050024
8.469978,0.009970,0.022005,-0.037389,0.043384
8.479991,0.010013,0.006443,0.003312,0.007244
8.489993,0.010002,0.018414,-0.024221,0.030426
8.500008,0.010015,-0.036653,0.009298,0.037813
8.509973,0.009965,0.000458,0.012889,0.012897
8.520014,0.010042,-0.006725,-0.019433,0.020564
8.530110,0.010096,0.011231,0.033240,0.035086
8.539980,0.009870,0.012429,-0.033798,0.036011
8.550017,0.010037,0.002852,-0.019433,0.019641
8.560036,0.010019,0.022005,-0.017039,0.027831
8.569973,0.009937,0.007640,0.008100,0.011135
8.579989,0.010016,0.033976,0.006903,0.034671
8.590332,0.010343,0.004049,0.009298,0.010141
8.599961,0.009629,0.026794,-0.015842,0.031127
8.609961,0.010000,0.010034,-0.033798,0.035256
8.619976,0.010015,-0.023484,-0.000279,0.023486
8.629971,0.009995,-0.000740,-0.013447,0.013468
8.639975,0.010004,-0.001937,-0.013447,0.013586
8.649988,0.010013,0.023202,0.026057,0.034890
8.660009,0.010021,0.004049,-0.013447,0.014044
8.669967,0.009957,-0.022287,0.026057,0.034288
8.679984,0.010017,0.010034,0.022466,0.024605
8.690014,0.010030,0.025597,0.000918,0.025613
8.699977,0.009964,0.025597,-0.013447,0.028914
8.710016,0.010038,-0.010316,-0.063726,0.064555
8.720047,0.010031,0.011231,0.020071,0.023000
8.730181,0.010134,0.007640,-0.021827,0.023126
8.740060,0.009880,0.010034,0.047605,0.048651
8.750005,0.009945,0.002852,-0.005068,0.005815
8.759983,0.009978,0.006443,0.039225,0.039751
8.770009,0.010026,0.008837,-0.024221,0.025783
8.780018,0.010009,-0.018696,0.015283,0.024148
8.790025,0.010007,0.025597,0.005706,0.026225
8.800040,0.010015,0.001655,-0.032601,0.032643
8.810016,0.009976,0.005246,0.004509,0.006918
8.819975,0.009959,0.011231,0.032042,0.033954
8.830005,0.010031,-0.003134,0.022466,0.022683
8.840036,0.010031,0.025597,0.033240,0.041953
8.850518,0.010482,0.039962,0.053590,0.066850
8.860006,0.009488,-0.013908,-0.009856,0.017046
8.870092,0.010086,-0.000740,-0.034995,0.035003
8.880089,0.009997,0.029188,0.021269,0.036115
8.890044,0.009954,0.019611,-0.006265,0.020588
8.900002,0.009959,-0.009119,0.029648,0.031019
8.909999,0.009997,0.001655,0.011692,0.011808
8.919997,0.009998,0.006443,0.018874,0.019944
8.930014,0.010017,0.027991,0.012889,0.030816
8.940006,0.009992,0.035173,-0.015842,0.038576
8.950014,0.010008,0.011231,-0.019433,0.022445
8.960004,0.009989,-0.004331,0.033240,0.033520
8.970013,0.010009,-0.006725,-0.011053,0.012938
8.980096,0.010083,0.004049,0.008100,0.009056
8.990027,0.009932,-0.024682,0.002115,0.024772
8.999993,0.009965,-0.037850,0.012889,0.039984
9.010008,0.010015,0.018414,0.046408,0.049927
9.020014,0.010006,0.007640,0.004509,0.008872
9.030012,0.009999,-0.009119,-0.013447,0.016248
9.039995,0.009982,0.022005,0.002115,0.022107
9.050078,0.010083,0.006443,-0.033798,0.034407
9.059982,0.009903,-0.010316,-0.001476,0.010421
9.069977,0.009996,-0.034258,-0.001476,0.034290
9.079951,0.009974,0.011231,0.021269,0.024052
9.090446,0.010494,-0.010316,0.030845,0.032525
9.100087,0.009642,0.001655,0.024860,0.024915
9.109992,0.009904,0.011231,0.003312,0.011710
9.119990,0.009998,-0.007922,0.004509,0.009116
9.129972,0.009983,0.032779,0.017677,0.037242
9.140047,0.010074,0.019611,-0.031404,0.037024
9.149970,0.009923,-0.029470,0.009298,0.030902
9.159987,0.010017,0.001655,0.034437,0.034476
9.169940,0.009953,0.005246,-0.033798,0.034203
9.179946,0.010006,0.022005,-0.003871,0.022343
9.189972,0.010026,0.022005,-0.006265,0.022880
9.199955,0.009983,-0.003134,-0.014645,0.014976
9.209943,0.009989,0.005246,-0.009856,0.011165
9.219976,0.010033,0.017217,0.010495,0.020163
9.229952,0.009976,0.008837,-0.002673,0.009233
9.240013,0.010061,0.020808,0.014086,0.025128
9.250001,0.009988,-0.004331,-0.031404,0.031701
9.259992,0.009991,0.049539,0.016480,0.052208
9.269969,0.009977,0.027991,0.005706,0.028567
9.279943,0.009974,0.036371,-0.063726,0.073374
9.289953,0.010010,0.023202,-0.015842,0.028095
9.299967,0.010014,0.005246,0.020071,0.020746
9.309944,0.009978,-0.030667,0.039225,0.049790
9.319960,0.010016,-0.006725,0.016480,0.017799
9.329973,0.010013,0.013626,-0.014645,0.020003
9.340048,0.010076,0.000458,0.012889,0.012897
9.349982,0.009933,-0.023484,-0.000279,0.023486
9.359959,0.009977,-0.013908,0.003312,0.014297
9.369967,0.010008,0.004049,-0.050558,0.050719
9.379941,0.009974,0.016020,-0.001476,0.016088
9.389951,0.010010,-0.009119,-0.000279,0.009124
9.399977,0.010026,0.008837,0.027254,0.028651
9.409938,0.009961,0.006443,0.029648,0.030340
9.419969,0.010031,0.029188,0.004509,0.029534
9.429957,0.009988,0.012429,-0.038587,0.040539
9.439995,0.010038,-0.004331,0.011692,0.012468
9.450000,0.010006,0.013626,0.023663,0.027305
9.459944,0.009943,0.020808,-0.048163,0.052466
9.469980,0.010037,0.006443,0.033240,0.033858
9.479965,0.009984,0.004049,-0.002673,0.004852
9.489955,0.009990,-0.029470,0.004509,0.029813
9.499977,0.010022,-0.024682,0.033240,0.041401
9.509956,0.009979,-0.007922,0.012889,0.015129
9.519989,0.010033,0.035173,0.005706,0.035633
9.529963,0.009974,0.024400,-0.011053,0.026786
9.539955,0.009992,-0.034258,0.021269,0.040324
9.549961,0.010006,0.019611,-0.003871,0.019989
9.559956,0.009995,0.037568,-0.008659,0.038553
9.569995,0.010039,0.011231,0.027254,0.029478
9.579972,0.009977,0.002852,0.012889,0.013201
9.589963,0.009990,-0.011513,0.030845,0.032924
9.600057,0.010095,0.029188,0.017677,0.034124
9.609957,0.009899,0.018414,0.009298,0.020628
9.619977,0.010020,0.012429,-0.066120,0.067278
9.629978,0.010001,0.001655,-0.000279,0.001678
9.639997,0.010019,0.024400,0.011692,0.027056
9.650020,0.010023,0.002852,0.003312,0.004371
9.660229,0.010209,-0.009119,-0.002673,0.009503
9.670039,0.009810,0.014823,-0.023024,0.027383
9.680015,0.009976,-0.006725,-0.002673,0.007237
9.689986,0.009971,0.005246,0.029648,0.030109
9.699972,0.009986,-0.012711,0.028451,0.031161
9.709941,0.009969,0.008837,0.014086,0.016629
9.720000,0.010058,0.020808,0.014086,0.025128
9.729955,0.009956,0.027991,0.002115,0.028071
9.739947,0.009991,0.019611,0.021269,0.028930
9.749949,0.010003,-0.018696,0.010495,0.021440
9.759961,0.010011,-0.028273,-0.007462,0.029241
9.769952,0.009992,-0.017499,-0.003871,0.017922
9.779967,0.010015,-0.001937,-0.042178,0.042222
9.789996,0.010029,0.007640,0.018874,0.020362
9.800036,0.010040,-0.029470,-0.008659,0.030716
9.810027,0.009991,-0.007922,0.034437,0.035336
9.820020,0.009993,-0.010316,0.022466,0.024721
9.830023,0.010003,-0.028273,0.065561,0.071398
9.840032,0.010009,0.025597,-0.017039,0.030749
9.850014,0.009982,0.004049,0.036831,0.037053
9.860018,0.010003,-0.019893,-0.013447,0.024012
9.869975,0.009958,0.000458,0.011692,0.011701
9.880030,0.010055,0.051933,-0.021827,0.056333
9.890002,0.009972,0.013626,0.039225,0.041524
9.900003,0.010001,-0.000740,0.035634,0.035641
9.909962,0.009959,-0.017499,-0.008659,0.019524
9.919997,0.010035,0.013626,0.023663,0.027305
9.929964,0.009967,-0.001937,0.004509,0.004907
9.939991,0.010027,-0.011513,-0.003871,0.012147
9.949939,0.009948,-0.001937,0.000918,0.002143
9.960010,0.010071,0.000458,-0.040981,0.040983
9.969963,0.009953,0.042356,0.009298,0.043365
9.980034,0.010071,-0.015105,-0.025418,0.029568
9.990021,0.009988,-0.027076,-0.032601,0.042378
9.999984,0.009963,0.010034,0.009298,0.013680
10.009943,0.009959,0.005246,-0.037389,0.037756
10.020004,0.010061,-0.000740,-0.019433,0.019447
10.029948,0.009944,-0.010316,-0.032601,0.034194
10.039991,0.010043,-0.000740,0.010495,0.010521
10.049987,0.009995,0.032779,0.028451,0.043404
10.059997,0.010010,0.029188,-0.024221,0.037929
10.069985,0.009988,0.012429,0.010495,0.016267
10.080011,0.010026,0.008837,0.016480,0.018700
10.090216,0.010206,0.024400,0.038028,0.045183
10.101359,0.011143,0.038765,0.027254,0.047387
10.111403,0.010044,-0.034258,-0.007462,0.035062
10.120200,0.008796,0.002852,-0.011053,0.011415
10.130034,0.009834,0.025597,-0.019433,0.032138
10.139973,0.009939,-0.000740,0.034437,0.034445
10.150038,0.010064,-0.000740,-0.021827,0.021840
10.159967,0.009929,-0.004331,-0.012250,0.012993
10.170017,0.010050,0.017217,0.021269,0.027364
10.179997,0.009979,0.014823,0.020071,0.024951
10.190027,0.010031,-0.004331,0.020071,0.020533
10.200001,0.009974,0.025597,-0.003871,0.025888
10.210028,0.010027,0.019611,0.042816,0.047094
10.219990,0.009962,-0.007922,0.064364,0.064850
10.230034,0.010043,0.024400,-0.030207,0.038830
10.240006,0.009973,0.019611,-0.027813,0.034031
10.250022,0.010015,-0.011513,-0.013447,0.017703
10.259953,0.009931,-0.003134,-0.011053,0.011489
10.270010,0.010057,0.014823,-0.048163,0.050393
10.279978,0.009968,-0.025879,0.006903,0.026784
10.290026,0.010048,0.004049,0.048802,0.048970
10.299963,0.009936,-0.004331,0.048802,0.048994
10.310017,0.010054,0.010034,-0.019433,0.021871
10.319967,0.009950,0.011231,-0.026616,0.028888
10.330014,0.010047,0.017217,-0.026616,0.031699
10.339984,0.009970,0.018414,0.017677,0.025526
10.350070,0.010087,-0.016302,-0.025418,0.030197
10.359957,0.009887,0.002852,-0.023024,0.023200
10.370013,0.010055,-0.005528,-0.042178,0.042539
10.380021,0.010009,0.000458,0.030845,0.030849
10.390037,0.010016,0.008837,-0.005068,0.010187
10.399986,0.009949,0.006443,0.051196,0.051600
10.410074,0.010089,0.024400,-0.015842,0.029091
10.420252,0.010178,0.037568,-0.039784,0.054718
10.430079,0.009827,0.029188,0.039225,0.048893
10.439983,0.009904,0.012429,0.039225,0.041147
10.450038,0.010055,0.022005,-0.023024,0.031849
10.459977,0.009939,0.007640,0.033240,0.034106
10.470011,0.010035,-0.003134,0.047605,0.047708
10.479944,0.009933,-0.023484,0.015283,0.028019
10.490010,0.010066,0.026794,-0.013447,0.029979
10.499965,0.009956,0.029188,-0.006265,0.029853
10.510007,0.010042,0.012429,-0.027813,0.030463
10.519965,0.009958,0.013626,-0.049360,0.051207
10.529999,0.010033,-0.003134,-0.017039,0.017324
10.539964,0.009966,0.008837,0.041619,0.042547
10.549995,0.010031,0.018414,0.046408,0.049927
10.560018,0.010024,0.013626,0.011692,0.017954
10.570031,0.010013,0.004049,0.028451,0.028738
10.579946,0.009914,0.054327,-0.014645,0.056266
10.590011,0.010066,0.020808,0.011692,0.023868
10.599969,0.009958,0.007640,0.039225,0.039962
10.610004,0.010035,-0.012711,0.011692,0.017270
10.619981,0.009977,0.007640,0.020071,0.021476
10.630008,0.010026,-0.007922,0.030845,0.031846
10.639997,0.009990,-0.018696,0.059576,0.062440
10.650007,0.010009,0.014823,-0.007462,0.016595
10.660031,0.010025,0.053130,0.002115,0.053172
10.670023,0.009992,0.029188,-0.012250,0.031655
10.679962,0.009939,0.036371,-0.015842,0.039671
10.690019,0.010058,0.033976,-0.033798,0.047924
10.699964,0.009944,-0.018696,0.005706,0.019547
10.710004,0.010041,-0.023484,-0.019433,0.030482
10.720010,0.010006,0.012429,0.009298,0.015521
10.730066,0.010056,-0.005528,-0.030207,0.030708
10.740046,0.009980,0.001655,0.010495,0.010624
10.750050,0.010004,0.007640,0.045211,0.045852
10.760038,0.009988,0.020808,-0.012250,0.024147
10.770129,0.010092,0.019611,-0.030207,0.036015
10.780073,0.009944,-0.003134,-0.019433,0.019684
10.790158,0.010085,0.005246,-0.012250,0.013326
10.800007,0.009848,0.035173,0.036831,0.050928
10.809994,0.009987,0.005246,0.028451,0.028931
10.819992,0.009999,-0.011513,-0.007462,0.013720
10.830344,0.010352,0.006443,-0.025418,0.026222
10.840377,0.010032,0.002852,-0.052952,0.053028
10.850108,0.009731,-0.013908,0.003312,0.014297
10.860116,0.010009,0.014823,0.008100,0.016892
10.870034,0.009917,-0.029470,-0.002673,0.029591
10.880065,0.010031,0.000458,0.005706,0.005725
10.890139,0.010075,0.008837,0.018874,0.020841
10.900064,0.009925,0.014823,0.051196,0.053299
10.910014,0.009950,0.012429,-0.054149,0.055557
10.920048,0.010034,-0.023484,-0.019433,0.030482
10.930006,0.009958,-0.013908,-0.073302,0.074610
10.940044,0.010038,0.023202,-0.037389,0.044004
10.949989,0.009944,0.006443,-0.043375,0.043851
10.960052,0.010063,-0.015105,0.006903,0.016608
10.970366,0.010314,-0.010316,-0.046966,0.048086
10.980115,0.009749,-0.004331,-0.001476,0.004576
10.990139,0.010024,0.024400,-0.015842,0.029091
11.000075,0.009936,0.011231,-0.029010,0.031108
11.010000,0.009926,-0.006725,-0.052952,0.053377
11.020062,0.010062,0.023202,0.046408,0.051885
11.030024,0.009961,-0.016302,0.011692,0.020061
11.040044,0.010021,-0.003134,0.027254,0.027434
11.050051,0.010007,-0.009119,0.033240,0.034468
11.060038,0.009986,0.024400,0.030845,0.039329
11.070008,0.009970,0.060313,-0.017039,0.062673
11.080060,0.010053,-0.000740,0.016480,0.016497
11.090271,0.010211,-0.010316,-0.006265,0.012070
11.100266,0.009995,0.012429,-0.029010,0.031560
11.110135,0.009869,-0.007922,-0.001476,0.008059
11.120080,0.009945,-0.012711,0.012889,0.018102
11.130001,0.009921,0.006443,-0.023024,0.023909
11.139980,0.009979,0.005246,0.035634,0.036018
11.150268,0.010288,0.019611,0.005706,0.020424
11.159998,0.009730,0.008837,0.030845,0.032086
11.170003,0.010005,0.036371,-0.009856,0.037682
11.180048,0.010046,-0.000740,-0.012250,0.012273
11.190051,0.010003,0.019611,0.016480,0.025616
11.200014,0.009963,0.014823,0.041619,0.044180
11.209966,0.009952,-0.004331,-0.021827,0.022253
11.219981,0.010015,-0.001937,0.009298,0.009497
11.229982,0.010001,0.027991,-0.025418,0.037810
11.239995,0.010013,0.017217,-0.003871,0.017647
11.249974,0.009979,0.022005,-0.030207,0.037372
11.259973,0.009999,0.012429,0.022466,0.025674
11.269957,0.009985,-0.025879,-0.009856,0.027692
11.279973,0.010016,0.012429,0.024860,0.027794
11.290075,0.010102,0.013626,0.006903,0.015275
11.300019,0.009944,0.027991,0.016480,0.032482
11.309976,0.009957,0.010034,0.008100,0.012896
11.320012,0.010036,0.067495,0.005706,0.067736
11.329960,0.009948,-0.003134,-0.012250,0.012645
11.339990,0.010030,0.019611,-0.007462,0.020983
11.350042,0.010052,-0.005528,-0.011053,0.012358
11.359990,0.009948,0.017217,0.003312,0.017533
11.369997,0.010007,-0.009119,0.011692,0.014828
11.380042,0.010045,0.014823,0.002115,0.014973
11.390061,0.010020,0.011231,-0.025418,0.027789
11.400014,0.009953,0.010034,-0.018236,0.020814
11.410198,0.010184,0.000458,0.014086,0.014093
11.420106,0.009908,-0.003134,-0.025418,0.025611
11.430006,0.009899,0.016020,0.022466,0.027592
11.439989,0.009983,0.006443,0.000918,0.006508
11.449998,0.010009,-0.001937,0.022466,0.022549
11.459978,0.009980,0.012429,0.023663,0.026728
11.469970,0.009992,-0.007922,-0.000279,0.007927
11.479986,0.010015,0.002852,-0.005068,0.005815
11.490070,0.010084,0.005246,-0.043375,0.043691
11.500023,0.009953,0.016020,0.014086,0.021332
11.509975,0.009953,-0.031864,0.075138,0.081615
11.520034,0.010058,-0.031864,0.023663,0.039689
11.530042,0.010009,0.013626,0.032042,0.034819
11.540004,0.009961,-0.013908,0.040422,0.042748
11.550039,0.010036,-0.006725,0.002115,0.007050
11.560113,0.010074,0.012429,0.036831,0.038871
11.570090,0.009977,0.030385,0.012889,0.033006
11.580064,0.009973,0.002852,-0.042178,0.042274
11.590067,0.010004,0.020808,-0.056543,0.060250
11.600087,0.010020,0.004049,0.015283,0.015810
11.610056,0.009970,0.001655,-0.031404,0.031447
11.620058,0.010001,-0.003134,-0.001476,0.003464
11.630028,0.009970,-0.004331,0.002115,0.004820
11.640022,0.009994,0.001655,-0.006265,0.006480
11.650071,0.010049,0.001655,0.020071,0.020140
11.660204,0.010134,0.000458,-0.024221,0.024226
11.670331,0.010127,0.013626,-0.013447,0.019144
11.680794,0.010463,0.036371,0.003312,0.036521
11.690044,0.009250,0.016020,-0.021827,0.027075
11.699993,0.009949,0.023202,0.016480,0.028460
11.709972,0.009979,-0.009119,0.035634,0.036782
11.719955,0.009983,0.023202,0.014086,0.027143
11.729974,0.010019,-0.006725,-0.029010,0.029779
11.739952,0.009978,-0.031864,-0.032601,0.045587
11.749959,0.010008,-0.005528,-0.011053,0.012358
11.760108,0.010148,-0.005528,0.051196,0.051494
11.770005,0.009897,0.025597,0.003312,0.025810
11.779988,0.009984,-0.023484,0.020071,0.030893
11.790019,0.010030,0.006443,-0.001476,0.006610
11.800084,0.010065,0.007640,0.002115,0.007927
11.810778,0.010695,0.024400,0.004509,0.024813
11.820167,0.009389,-0.006725,0.021269,0.022306
11.830045,0.009878,0.049539,-0.015842,0.052010
11.839978,0.009934,0.011231,-0.011053,0.015758
11.850011,0.010033,0.016020,0.000918,0.016046
11.860011,0.010000,0.020808,0.005706,0.021577
11.870056,0.010045,0.005246,0.039225,0.039574
11.880182,0.010127,-0.004331,0.014086,0.014737
11.890043,0.009861,0.002852,-0.024221,0.024389
11.900331,0.010288,0.004049,-0.063726,0.063854
11.910005,0.009675,0.031582,0.023663,0.039463
11.919998,0.009992,-0.000740,0.020071,0.020085
11.929987,0.009990,-0.013908,0.035634,0.038252
11.939993,0.010006,-0.006725,-0.037389,0.037989
11.949982,0.009989,0.013626,-0.007462,0.015535
11.960012,0.010031,0.001655,0.005706,0.005941
11.970039,0.010027,0.007640,0.038028,0.038788
11.980069,0.010030,0.044750,-0.007462,0.045368
11.990016,0.009947,0.004049,0.021269,0.021650
12.000002,0.009986,0.012429,0.014086,0.018785
12.009990,0.009987,0.018414,0.053590,0.056666
12.020024,0.010034,-0.004331,0.035634,0.035896
12.029983,0.009959,-0.005528,0.038028,0.038428
12.040035,0.010052,0.013626,-0.024221,0.027791
12.050081,0.010046,0.008837,0.005706,0.010519
12.060015,0.009935,-0.003134,0.012889,0.013264
12.070013,0.009998,-0.035455,0.005706,0.035912
12.080025,0.010012,0.012429,0.026057,0.028869
12.090223,0.010198,0.001655,-0.049360,0.049388
12.100088,0.009864,0.018414,0.020071,0.027239
12.110036,0.009949,0.001655,0.012889,0.012995
12.120031,0.009994,-0.006725,0.014086,0.015609
12.130033,0.010002,0.004049,-0.015842,0.016351
12.139990,0.009958,-0.022287,-0.027813,0.035641
12.150007,0.010017,0.010034,-0.027813,0.029567
12.159998,0.009991,-0.028273,0.006903,0.029103
12.170044,0.010046,0.024400,-0.000279,0.024401
12.180018,0.009974,0.008837,0.047605,0.048418
12.190030,0.010011,0.050736,0.005706,0.051056
12.199994,0.009964,0.029188,0.003312,0.029375
12.210005,0.010012,-0.003134,-0.038587,0.038714
12.220016,0.010010,-0.023484,0.030845,0.038768
12.229996,0.009980,0.020808,-0.038587,0.043840
12.239991,0.009995,-0.003134,0.020071,0.020315
12.249973,0.009982,-0.000740,-0.030207,0.030216
12.259998,0.010026,-0.006725,-0.082879,0.083152
12.269974,0.009976,0.069889,-0.170268,0.184053
12.280007,0.010033,-0.113267,0.163724,0.199085
12.290315,0.010308,-0.122844,0.345683,0.366861
12.300000,0.009685,0.153686,0.018874,0.154841
12.310122,0.010122,0.099817,-0.244488,0.264079
12.319999,0.009876,-0.054609,-0.135552,0.146138
12.330495,0.010496,0.013626,-0.049360,0.051207
12.339997,0.009502,0.057918,0.073941,0.093924
12.350008,0.010011,-0.083339,0.052393,0.098440
12.359986,0.009978,-0.039047,-0.074500,0.084112
12.369980,0.009994,0.099817,-0.108018,0.147076
12.379951,0.009971,0.062707,0.113445,0.129622
12.389999,0.010048,-0.035455,0.131402,0.136101
12.399974,0.009975,-0.013908,-0.106821,0.107723
12.409953,0.009979,-0.015105,-0.070908,0.072499
12.419986,0.010033,0.045947,0.046408,0.065306
12.429956,0.009970,0.066298,0.076335,0.101106
12.440006,0.010050,-0.025879,0.053590,0.059512
12.450021,0.010015,-0.036653,-0.043375,0.056787
12.461658,0.011637,0.023202,-0.069711,0.073471
12.470341,0.008683,0.077072,0.003312,0.077143
12.480369,0.010027,-0.011513,0.053590,0.054813
12.490806,0.010437,-0.029470,-0.034995,0.045751
12.500299,0.009494,-0.023484,-0.074500,0.078113
12.510289,0.009990,0.065101,-0.001476,0.065118
12.522102,0.011813,0.049539,0.096686,0.108638
12.530154,0.008052,0.014823,0.011692,0.018879
12.539913,0.009759,-0.022287,-0.036192,0.042504
12.549863,0.009950,0.032779,-0.058937,0.067439
12.559977,0.010114,0.029188,0.036831,0.046994
12.570688,0.010710,0.020808,0.036831,0.042302
12.579933,0.009245,0.004049,-0.043375,0.043563
12.589979,0.010046,-0.005528,-0.034995,0.035429
12.600012,0.010033,0.035173,0.009298,0.036382
12.609964,0.009952,0.004049,0.055984,0.056131
12.619981,0.010017,-0.052215,0.011692,0.053508
12.629982,0.010001,-0.037850,-0.012250,0.039783
12.639988,0.010006,0.025597,-0.056543,0.062067
12.649999,0.010011,0.039962,0.017677,0.043697
12.659976,0.009977,0.020808,0.023663,0.031510
12.670015,0.010038,-0.018696,-0.046966,0.050551
12.679957,0.009943,0.022005,-0.036192,0.042357
12.689951,0.009994,0.038765,-0.006265,0.039268
12.700013,0.010062,-0.021090,0.036831,0.042442
12.709980,0.009967,-0.022287,0.004509,0.022739
12.719843,0.009862,-0.031864,-0.006265,0.032474
12.730002,0.010159,0.023202,0.003312,0.023438
12.739978,0.009976,0.022005,-0.039784,0.045464
12.749940,0.009961,0.007640,-0.050558,0.051132
12.759973,0.010033,-0.001937,-0.000279,0.001957
12.770012,0.010039,-0.001937,0.044013,0.044056
12.779972,0.009960,0.007640,0.047605,0.048214
12.789979,0.010007,0.031582,0.027254,0.041716
12.800050,0.010072,0.033976,0.009298,0.035226
12.810027,0.009976,0.010034,0.022466,0.024605
12.820003,0.009976,0.026794,0.004509,0.027171
12.829967,0.009963,0.023202,-0.056543,0.061118
12.840002,0.010035,-0.001937,-0.032601,0.032658
12.850008,0.010007,0.024400,0.021269,0.032368
12.860008,0.010000,0.008837,0.021269,0.023031
12.869940,0.009932,0.014823,-0.025418,0.029425
12.879943,0.010003,-0.016302,-0.027813,0.032238
12.889954,0.010011,-0.011513,0.020071,0.023139
12.899996,0.010042,0.014823,0.029648,0.033147
12.910028,0.010031,0.035173,-0.005068,0.035537
12.919976,0.009948,-0.007922,-0.033798,0.034714
12.930237,0.010262,0.011231,-0.012250,0.016620
12.939951,0.009714,0.019611,-0.017039,0.025979
12.950045,0.010094,-0.004331,-0.027813,0.028148
12.959982,0.009937,-0.037850,-0.060134,0.071054
12.969997,0.010016,0.025597,-0.040981,0.048318
12.979980,0.009983,-0.001937,-0.017039,0.017148
12.990045,0.010065,0.004049,0.002115,0.004568
12.999986,0.009941,0.013626,-0.015842,0.020895
13.010000,0.010014,-0.025879,-0.032601,0.041624
13.020008,0.010008,-0.028273,-0.003871,0.028537
13.029960,0.009953,0.030385,0.032042,0.044158
13.039984,0.010024,-0.006725,0.002115,0.007050
13.049991,0.010007,-0.023484,0.042816,0.048834
13.060002,0.010011,0.053130,0.027254,0.059712
13.069947,0.009945,0.016020,0.030845,0.034757
13.080088,0.010141,0.017217,0.022466,0.028304
13.090205,0.010118,0.004049,-0.019433,0.019850
13.100020,0.009814,-0.007922,0.002115,0.008200
13.110046,0.010027,0.014823,-0.015842,0.021695
13.119994,0.009948,-0.018696,0.005706,0.019547
13.130000,0.010006,-0.033061,0.018874,0.038069
13.139969,0.009969,-0.019893,0.029648,0.035704
13.150128,0.010159,0.043553,-0.042178,0.060629
13.159992,0.009865,0.022005,0.026057,0.034106
13.169989,0.009996,0.016020,-0.021827,0.027075
13.179972,0.009983,-0.030667,0.046408,0.055625
13.189971,0.009999,0.002852,-0.007462,0.007988
13.199956,0.009985,0.012429,0.018874,0.022599
13.210006,0.010050,0.002852,0.029648,0.029785
13.220008,0.010002,0.010034,-0.018236,0.020814
13.229982,0.009974,0.013626,-0.002673,0.013885
13.239987,0.010005,-0.009119,-0.006265,0.011064
13.249986,0.009999,-0.022287,0.000918,0.022306
13.259975,0.009989,-0.021090,0.021269,0.029952
13.269986,0.010011,0.019611,0.022466,0.029821
13.279999,0.010013,0.012429,0.021269,0.024634
13.289981,0.009981,-0.004331,0.047605,0.047801
13.299979,0.009999,0.019611,-0.006265,0.020588
13.309998,0.010018,0.024400,0.047605,0.053493
13.319996,0.009999,-0.006725,0.036831,0.037440
13.329970,0.009974,0.044750,-0.020630,0.049277
13.339973,0.010003,0.020808,-0.009856,0.023024
13.350042,0.010069,0.002852,0.006903,0.007469
13.359953,0.009911,0.012429,-0.023024,0.026165
13.369953,0.010000,-0.005528,0.009298,0.010817
13.379979,0.010026,-0.000740,-0.006265,0.006308
13.389971,0.009992,0.023202,-0.063726,0.067818
13.399992,0.010020,0.018414,0.020071,0.027239
13.409993,0.010001,-0.010316,0.028451,0.030264
13.419949,0.009956,-0.005528,-0.020630,0.021358
13.429980,0.010031,0.002852,0.005706,0.006379
13.439991,0.010011,0.017217,0.010495,0.020163
13.450002,0.010011,0.031582,0.028451,0.042508
13.459954,0.009951,-0.025879,0.003312,0.026090
13.469935,0.009981,-0.016302,0.011692,0.020061
13.479971,0.010036,-0.007922,0.016480,0.018285
13.489960,0.009989,0.005246,0.028451,0.028931
13.499960,0.010000,-0.033061,-0.007462,0.033893
13.509999,0.010039,0.016020,-0.032601,0.036324
13.520297,0.010298,-0.001937,0.009298,0.009497
13.530067,0.009770,-0.006725,0.091897,0.092143
13.540015,0.009948,-0.007922,-0.012250,0.014589
13.550030,0.010014,0.001655,-0.005068,0.005331
13.560027,0.009998,0.022005,0.021269,0.030604
13.570026,0.009999,0.012429,0.073941,0.074978
13.580076,0.010050,-0.004331,0.012889,0.013597
13.590033,0.009958,0.013626,0.008100,0.015852
13.599954,0.009921,-0.004331,0.051196,0.051379
13.610010,0.010056,-0.009119,-0.009856,0.013428
13.619964,0.009954,0.001655,0.006903,0.007099
13.630008,0.010044,0.005246,0.002115,0.005656
13.639991,0.009982,0.026794,0.021269,0.034209
13.650009,0.010018,0.001655,-0.001476,0.002218
13.660027,0.010018,0.004049,0.008100,0.009056
13.670034,0.010007,0.016020,-0.014645,0.021705
13.679977,0.009943,0.020808,0.018874,0.028093
13.690201,0.010224,0.008837,0.035634,0.036713
13.700020,0.009820,0.006443,-0.046966,0.047406
13.710059,0.010039,-0.003134,-0.009856,0.010342
13.719980,0.009921,0.016020,-0.018236,0.024273
13.730005,0.010025,0.005246,0.010495,0.011733
13.739994,0.009989,-0.006725,0.010495,0.012464
13.750030,0.010036,-0.015105,-0.030207,0.033773
13.759950,0.009920,-0.005528,-0.040981,0.041352
13.770031,0.010081,-0.005528,0.066758,0.066987
13.779939,0.009908,0.018414,0.010495,0.021195
13.790037,0.010098,0.006443,-0.063726,0.064051
13.799960,0.009923,0.000458,0.009298,0.009309
13.809945,0.009985,0.023202,-0.008659,0.024766
13.819975,0.010030,0.017217,0.023663,0.029263
13.829959,0.009984,0.017217,-0.008659,0.019272
13.839993,0.010034,0.016020,-0.027813,0.032096
13.850040,0.010046,0.023202,-0.018236,0.029511
13.859988,0.009948,-0.000740,0.040422,0.040429
13.870047,0.010059,-0.018696,0.016480,0.024923
13.880214,0.010167,-0.011513,-0.003871,0.012147
13.890024,0.009811,-0.006725,-0.026616,0.027452
13.899997,0.009973,0.011231,0.011692,0.016212
13.909958,0.009960,0.020808,0.009298,0.022791
13.919999,0.010042,-0.009119,0.005706,0.010757
13.929951,0.009952,-0.006725,0.014086,0.015609
13.939961,0.010010,0.036371,0.000918,0.036382
13.949964,0.010003,0.011231,0.010495,0.015371
13.960009,0.010045,-0.025879,-0.017039,0.030984
13.969991,0.009983,-0.006725,0.023663,0.024600
13.980004,0.010012,0.030385,-0.030207,0.042845
13.989972,0.009968,-0.006725,-0.013447,0.015035
13.999947,0.009975,-0.001937,0.009298,0.009497
14.009972,0.010025,-0.030667,-0.026616,0.040606
14.019970,0.009998,0.002852,0.014086,0.014372
14.029960,0.009990,0.001655,0.032042,0.032085
14.039968,0.010008,0.020808,-0.001476,0.020861
14.050250,0.010283,0.001655,-0.008659,0.008816
14.060065,0.009815,0.007640,0.027254,0.028305
14.069986,0.009921,-0.003134,0.032042,0.032195
14.079995,0.010009,-0.015105,-0.002673,0.015340
14.090245,0.010250,0.002852,0.024860,0.025023
14.100020,0.009775,-0.012711,-0.026616,0.029495
14.109973,0.009953,-0.010316,0.017677,0.020467
14.120019,0.010047,-0.003134,-0.025418,0.025611
14.129961,0.009941,0.023202,-0.039784,0.046055
14.139975,0.010014,0.013626,0.016480,0.021383
14.149963,0.009988,0.010034,-0.048163,0.049198
14.159977,0.010014,0.023202,-0.001476,0.023249
14.169958,0.009980,0.012429,0.033240,0.035487
14.179970,0.010012,0.000458,0.018874,0.018880
14.190026,0.010056,0.014823,0.028451,0.032081
14.199986,0.009959,-0.003134,-0.006265,0.007005
14.209948,0.009962,-0.011513,0.006903,0.013424
14.220011,0.010064,0.013626,-0.003871,0.014165
14.229950,0.009939,0.029188,-0.063726,0.070092
14.239964,0.010014,-0.010316,-0.043375,0.044585
14.250004,0.010040,0.005246,-0.054149,0.054402
14.259952,0.009948,0.062707,-0.145128,0.158096
14.269957,0.010005,0.022005,-0.015842,0.027114
14.279991,0.010035,-0.110873,0.471378,0.484242
14.290013,0.010022,0.061510,0.087109,0.106637
14.299973,0.009959,0.150095,-0.390534,0.418384
14.309956,0.009984,-0.203050,-0.117595,0.234644
14.320012,0.010056,-0.024682,0.038028,0.045335
14.329968,0.009956,0.150095,0.107460,0.184597
14.339955,0.009988,-0.090522,0.199637,0.219201
14.349989,0.010033,-0.049821,-0.116398,0.126612
14.359967,0.009978,0.103408,-0.221743,0.244670
14.369947,0.009980,0.035173,0.090700,0.097282
14.379973,0.010026,0.075875,0.075138,0.106784
14.390019,0.010046,-0.003134,-0.064923,0.064998
14.399966,0.009946,-0.034258,-0.103230,0.108766
14.410112,0.010147,-0.045032,-0.080485,0.092227
14.420025,0.009913,-0.016302,0.072744,0.074548
14.429981,0.009956,-0.019893,0.112248,0.113997
14.439941,0.009959,0.016020,-0.066120,0.068033
14.449993,0.010053,0.024400,-0.100836,0.103746
14.459971,0.009978,0.035173,0.008100,0.036094
14.469961,0.009990,0.037568,0.028451,0.047125
14.479950,0.009988,-0.024682,-0.000279,0.024683
14.490017,0.010067,-0.012711,-0.085273,0.086216
14.499953,0.009936,-0.001937,-0.039784,0.039831
14.509973,0.010020,-0.009119,0.047605,0.048470
14.520024,0.010052,-0.031864,0.016480,0.035874
14.529996,0.009972,-0.049821,-0.014645,0.051928
14.539943,0.009947,-0.013908,-0.069711,0.071085
14.549944,0.010001,0.033976,-0.001476,0.034008
14.559951,0.010008,0.030385,0.101474,0.105926
14.569966,0.010015,-0.009119,0.017677,0.019891
14.579946,0.009980,-0.022287,-0.062529,0.066382
14.590001,0.010055,0.019611,-0.029010,0.035017
14.599974,0.009973,0.020808,0.011692,0.023868
14.609961,0.009987,-0.018696,-0.012250,0.022352
14.619996,0.010035,-0.036653,-0.013447,0.039042
14.629935,0.009939,-0.035455,-0.062529,0.071881
14.639941,0.010006,0.044750,-0.033798,0.056079
14.649997,0.010056,0.050736,0.034437,0.061319
14.659947,0.009950,0.002852,0.004509,0.005335
14.670058,0.010112,-0.000740,-0.014645,0.014663
14.680014,0.009955,0.019611,0.018874,0.027218
14.690086,0.010072,0.007640,-0.042178,0.042864
14.700024,0.009938,-0.017499,0.027254,0.032388
14.709973,0.009949,-0.076157,0.005706,0.076370
14.719994,0.010021,-0.051018,-0.031404,0.059908
14.729950,0.009956,0.029188,0.008100,0.030291
14.739980,0.010030,0.008837,-0.032601,0.033778
14.749943,0.009963,0.001655,-0.049360,0.049388
14.759970,0.010028,-0.033061,-0.011053,0.034860
14.769953,0.009983,-0.015105,0.042816,0.045403
14.779948,0.009995,0.006443,0.036831,0.037390
14.790010,0.010062,-0.000740,0.047605,0.047610
14.799973,0.009962,-0.028273,0.018874,0.033994
14.809966,0.009993,0.016020,0.004509,0.016642
14.819984,0.010018,0.035173,-0.012250,0.037246
14.829955,0.009972,0.006443,-0.042178,0.042667
14.839985,0.010029,0.008837,-0.044572,0.045440
14.849989,0.010004,-0.001937,-0.030207,0.030269
14.859963,0.009974,-0.003134,-0.007462,0.008093
14.869951,0.009988,-0.027076,-0.027813,0.038815
14.880188,0.010237,-0.030667,-0.037389,0.048357
14.890027,0.009839,-0.001937,-0.018236,0.018338
14.899975,0.009948,0.004049,-0.000279,0.004058
14.909942,0.009967,0.010034,-0.017039,0.019774
14.919949,0.010007,-0.006725,0.004509,0.008097
14.929944,0.009995,0.033976,0.011692,0.035932
14.939954,0.010010,0.017217,0.027254,0.032237
14.949993,0.010039,-0.003134,0.015283,0.015601
14.959970,0.009977,-0.027076,-0.012250,0.029718
14.969942,0.009972,0.004049,-0.015842,0.016351
14.980059,0.010117,-0.018696,-0.029010,0.034512
14.989953,0.009894,0.007640,-0.015842,0.017588
14.999961,0.010008,0.005246,0.061970,0.062192
15.009948,0.009987,-0.023484,0.022466,0.032500
15.019998,0.010050,0.014823,-0.049360,0.051538
15.029969,0.009971,-0.016302,0.008100,0.018203
15.040007,0.010038,0.008837,0.010495,0.013720
15.049993,0.009986,0.005246,0.005706,0.007751
15.059968,0.009974,-0.040244,0.009298,0.041304
15.069973,0.010005,0.016020,0.012889,0.020561
15.079979,0.010007,0.020808,0.039225,0.044403
15.090135,0.010155,0.006443,0.012889,0.014410
15.100069,0.009934,0.000458,-0.003871,0.003898
15.109988,0.009919,-0.009119,-0.066120,0.066746
15.119988,0.010001,-0.004331,0.032042,0.032334
15.129960,0.009972,0.017217,-0.003871,0.017647
15.139980,0.010019,0.017217,-0.002673,0.017423
15.149973,0.009993,0.010034,0.022466,0.024605
15.159966,0.009993,0.004049,0.011692,0.012373
15.169971,0.010005,-0.006725,0.005706,0.008820
15.179971,0.010000,-0.006725,0.036831,0.037440
15.189959,0.009988,-0.019893,-0.003871,0.020266
15.200045,0.010086,0.011231,-0.046966,0.048290
15.209961,0.009916,0.002852,0.009298,0.009725
15.219958,0.009998,-0.012711,-0.019433,0.023221
15.229954,0.009996,-0.010316,0.020071,0.022567
15.239994,0.010039,0.026794,-0.043375,0.050983
15.249990,0.009996,0.056721,-0.009856,0.057571
15.259959,0.009969,0.024400,0.006903,0.025357
15.269966,0.010006,-0.027076,0.017677,0.032335
15.279962,0.009996,-0.009119,0.041619,0.042607
15.289995,0.010033,0.008837,0.026057,0.027515
15.299985,0.009990,-0.021090,0.030845,0.037366
15.309937,0.009952,0.018414,-0.030207,0.035377
15.319971,0.010034,0.004049,-0.024221,0.024557
15.329953,0.009982,0.004049,-0.044572,0.044756
15.339959,0.010006,0.027991,-0.027813,0.039459
15.349984,0.010026,0.027991,-0.018236,0.033407
15.359959,0.009975,-0.011513,-0.002673,0.011820
15.369953,0.009994,-0.021090,0.000918,0.021110
15.379955,0.010002,-0.004331,-0.031404,0.031701
15.389928,0.009973,-0.016302,-0.012250,0.020392
15.400006,0.010078,0.018414,-0.026616,0.032365
15.409957,0.009951,0.010034,0.005706,0.011543
15.419970,0.010013,-0.007922,-0.024221,0.025484
15.429961,0.009991,0.011231,0.028451,0.030588
15.439990,0.010029,0.014823,0.016480,0.022165
15.449995,0.010005,0.014823,0.024860,0.028943
15.459958,0.009963,-0.046229,-0.002673,0.046307
15.469971,0.010014,-0.035455,-0.026616,0.044334
15.479947,0.009976,0.013626,0.029648,0.032629
15.490727,0.010780,0.008837,-0.044572,0.045440
15.500012,0.009285,-0.012711,-0.020630,0.024231
15.509978,0.009966,0.019611,-0.000279,0.019613
15.520500,0.010523,0.022005,0.081124,0.084055
15.529989,0.009489,0.005246,0.063167,0.063385
15.540008,0.010018,-0.031864,-0.002673,0.031976
15.549981,0.009973,0.001655,-0.020630,0.020696
15.559975,0.009994,0.007640,0.004509,0.008872
15.569980,0.010005,0.001655,0.008100,0.008268
15.579970,0.009990,-0.022287,-0.009856,0.024369
15.589974,0.010004,0.000458,0.010495,0.010505
15.600037,0.010062,0.007640,0.023663,0.024866
15.609969,0.009932,0.005246,0.002115,0.005656
15.619954,0.009985,-0.010316,-0.009856,0.014268
15.629974,0.010020,0.017217,0.002115,0.017346
15.640002,0.010028,0.012429,0.005706,0.013676
15.650001,0.009999,-0.006725,-0.003871,0.007759
15.659961,0.009960,0.007640,-0.014645,0.016518
15.669948,0.009988,-0.022287,-0.012250,0.025432
15.679942,0.009994,0.011231,0.005706,0.012598
15.689948,0.010006,-0.005528,0.002115,0.005919
15.699937,0.009989,-0.005528,-0.030207,0.030708
15.709962,0.010025,0.005246,0.017677,0.018439
15.720010,0.010048,0.014823,-0.029010,0.032577
15.730000,0.009990,0.006443,0.024860,0.025681
15.739964,0.009964,0.012429,-0.014645,0.019208
15.749959,0.009996,0.020808,-0.070908,0.073898
15.759963,0.010004,-0.015105,-0.009856,0.018036
15.769949,0.009986,0.032779,0.014086,0.035678
15.779977,0.010028,-0.007922,0.010495,0.013149
15.789962,0.009985,-0.021090,0.014086,0.025362
15.799967,0.010005,-0.022287,0.036831,0.043049
15.810008,0.010041,-0.001937,-0.002673,0.003301
15.819954,0.009946,0.007640,0.046408,0.047032
15.829934,0.009980,0.013626,-0.026616,0.029901
15.840020,0.010086,0.005246,-0.008659,0.010124
15.850005,0.009985,0.017217,0.014086,0.022245
15.860081,0.010076,0.000458,0.016480,0.016486
15.869986,0.009905,-0.025879,-0.011053,0.028140
15.880531,0.010545,0.002852,-0.061331,0.061398
15.889982,0.009451,0.005246,-0.019433,0.020129
15.899971,0.009990,0.005246,-0.014645,0.015556
15.909981,0.010009,-0.012711,0.045211,0.046963
15.919988,0.010007,-0.025879,0.016480,0.030681
15.930004,0.010016,0.014823,0.040422,0.043054
15.939979,0.009975,0.027991,-0.029010,0.040312
15.949980,0.010001,0.004049,-0.005068,0.006487
15.960001,0.010021,0.010034,-0.005068,0.011241
15.969989,0.009988,0.013626,0.010495,0.017199
15.979986,0.009998,0.000458,-0.024221,0.024226
15.989977,0.009991,0.019611,-0.032601,0.038045
15.999964,0.009987,0.000458,-0.023024,0.023029
16.009982,0.010018,-0.004331,-0.012250,0.012993
16.019963,0.009981,0.027991,-0.020630,0.034772
16.029969,0.010006,-0.001937,-0.013447,0.013586
16.039955,0.009986,-0.011513,0.011692,0.016409
16.050012,0.010057,0.007640,0.020071,0.021476
16.060013,0.010001,0.023202,0.055984,0.060602
16.069942,0.009928,-0.001937,0.012889,0.013034
16.080002,0.010060,-0.009119,-0.042178,0.043152
16.090132,0.010130,-0.001937,-0.038587,0.038635
16.099992,0.009860,-0.019893,-0.019433,0.027810
16.109971,0.009979,-0.006725,0.032042,0.032741
16.119988,0.010017,0.002852,0.016480,0.016725
16.129938,0.009950,-0.000740,-0.009856,0.009884
16.139953,0.010015,0.019611,0.003312,0.019889
16.149960,0.010008,0.017217,-0.011053,0.020460
16.159967,0.010007,-0.001937,-0.020630,0.020721
16.169961,0.009994,-0.024682,-0.032601,0.040890
16.179975,0.010014,0.005246,-0.030207,0.030659
16.190023,0.010049,0.016020,0.010495,0.019151
16.199964,0.009940,0.002852,-0.018236,0.018457
16.209998,0.010035,-0.011513,0.009298,0.014799
16.219967,0.009969,0.018414,0.048802,0.052160
16.229943,0.009975,0.005246,-0.009856,0.011165
16.239935,0.009992,-0.033061,-0.024221,0.040984
16.250010,0.010075,-0.009119,-0.042178,0.043152
16.259975,0.009965,-0.015105,0.005706,0.016147
16.269945,0.009971,-0.003134,0.016480,0.016775
16.279961,0.010016,0.000458,0.016480,0.016486
16.290013,0.010051,-0.021090,0.036831,0.042442
16.299973,0.009960,0.013626,-0.006265,0.014997
16.309959,0.009986,0.004049,0.009298,0.010141
16.319983,0.010024,-0.003134,-0.046966,0.047071
16.329951,0.009968,-0.009119,0.011692,0.014828
16.339978,0.010028,0.000458,-0.008659,0.008671
16.350006,0.010028,0.025597,0.016480,0.030443
16.359977,0.009970,-0.039047,-0.032601,0.050867
16.369939,0.009963,-0.021090,-0.014645,0.025676
16.379969,0.010029,0.014823,0.016480,0.022165
16.390014,0.010045,-0.006725,-0.006265,0.009191
16.399960,0.009946,-0.006725,0.024860,0.025753
16.409951,0.009991,0.016020,0.008100,0.017951
16.419969,0.010018,0.000458,-0.000279,0.000536
16.429945,0.009976,0.027991,0.038028,0.047219
16.439950,0.010005,0.007640,0.008100,0.011135
16.449993,0.010043,-0.027076,0.048802,0.055810
16.459944,0.009951,-0.015105,0.006903,0.016608
16.469943,0.009999,-0.015105,-0.002673,0.015340
16.479941,0.009998,0.044750,0.027254,0.052396
16.490018,0.010078,0.001655,-0.048163,0.048192
16.499962,0.009943,-0.010316,-0.036192,0.037634
16.509963,0.010001,-0.006725,0.022466,0.023451
16.520074,0.010111,0.014823,0.038028,0.040815
16.531271,0.011197,-0.003134,-0.017039,0.017324
16.540165,0.008894,-0.006725,-0.037389,0.037989
16.549998,0.009833,-0.004331,0.009298,0.010257
16.559952,0.009954,-0.004331,0.049999,0.050186
16.569990,0.010038,-0.001937,-0.011053,0.011222
16.579970,0.009981,-0.029470,-0.021827,0.036673
16.590030,0.010060,-0.021090,-0.005068,0.021691
16.599969,0.009939,-0.000740,0.012889,0.012910
16.610026,0.010057,-0.007922,-0.007462,0.010883
16.619984,0.009959,-0.010316,-0.034995,0.036484
16.630004,0.010020,0.035173,-0.037389,0.051334
16.639977,0.009973,0.037568,0.032042,0.049377
16.650004,0.010027,0.017217,0.021269,0.027364
16.660016,0.010012,-0.029470,0.004509,0.029813
16.669954,0.009938,0.026794,-0.020630,0.033816
16.679999,0.010045,0.005246,0.017677,0.018439
16.690038,0.010040,0.000458,-0.008659,0.008671
16.699989,0.009950,-0.004331,0.002115,0.004820
16.710019,0.010030,0.032779,0.014086,0.035678
16.719983,0.009964,0.031582,0.003312,0.031755
16.729999,0.010016,0.007640,-0.034995,0.035820
16.739985,0.009986,-0.019893,-0.013447,0.024012
16.749961,0.009975,0.027991,0.029648,0.040774
16.759961,0.010001,0.018414,0.047605,0.051042
16.769936,0.009974,0.042356,0.026057,0.049729
16.779997,0.010061,-0.001937,0.035634,0.035686
16.790020,0.010023,-0.000740,0.023663,0.023674
16.799995,0.009975,-0.011513,0.018874,0.022109
16.809996,0.010001,0.010034,0.017677,0.020327
16.820027,0.010031,-0.022287,0.024860,0.033388
16.830023,0.009996,-0.007922,-0.003871,0.008817
16.839992,0.009968,-0.010316,-0.019433,0.022001
16.849995,0.010004,0.011231,-0.003871,0.011880
16.859988,0.009993,-0.019893,-0.002673,0.020072
16.869983,0.009995,-0.030667,-0.020630,0.036960
16.880019,0.010035,0.008837,0.027254,0.028651
16.890129,0.010110,0.000458,-0.015842,0.015848
16.899984,0.009855,0.019611,-0.019433,0.027609
16.910014,0.010030,-0.004331,0.046408,0.046609
16.919990,0.009976,0.023202,0.027254,0.035793
16.929997,0.010007,0.007640,-0.021827,0.023126
16.939980,0.009983,-0.015105,0.032042,0.035424
16.949966,0.009986,-0.033061,-0.046966,0.057436
16.960000,0.010033,-0.010316,0.010495,0.014716
16.970080,0.010081,-0.001937,-0.007462,0.007709
16.980095,0.010015,0.024400,-0.021827,0.032738
16.990430,0.010335,-0.003134,-0.018236,0.018503
17.000247,0.009816,-0.004331,-0.021827,0.022253
17.010713,0.010466,0.014823,-0.007462,0.016595
17.020613,0.009900,0.029188,0.035634,0.046062
17.030117,0.009504,0.001655,0.020071,0.020140
17.040017,0.009900,-0.004331,0.006903,0.008149
17.049925,0.009908,0.033976,-0.026616,0.043160
17.060013,0.010088,-0.005528,-0.005068,0.007499
17.070235,0.010222,0.017217,0.036831,0.040656
17.080028,0.009793,0.010034,0.006903,0.012180
17.090024,0.009995,0.017217,0.042816,0.046148
17.099881,0.009857,-0.003134,0.008100,0.008685
17.109895,0.010014,-0.000740,0.008100,0.008134
17.119960,0.010065,0.013626,0.010495,0.017199
17.129937,0.009977,-0.019893,-0.023024,0.030428
17.140107,0.010170,0.024400,-0.040981,0.047694
17.150170,0.010063,-0.005528,-0.011053,0.012358
17.160052,0.009882,0.018414,-0.003871,0.018816
17.170036,0.009984,0.032779,0.020071,0.038436
17.180023,0.009987,-0.000740,0.026057,0.026067
17.190093,0.010070,0.005246,-0.009856,0.011165
17.200076,0.009983,-0.013908,0.002115,0.014068
17.210070,0.009994,-0.006725,-0.036192,0.036812
17.220048,0.009978,-0.007922,-0.015842,0.017712
17.230030,0.009982,0.018414,-0.014645,0.023527
17.240010,0.009980,-0.029470,-0.031404,0.043066
17.250132,0.010122,0.001655,0.003312,0.003702
17.260048,0.009916,0.025597,0.053590,0.059389
17.270005,0.009957,-0.007922,0.057182,0.057728
17.280056,0.010051,0.016020,-0.007462,0.017672
17.290053,0.009997,-0.016302,0.010495,0.019388
17.300045,0.009993,-0.003134,0.000918,0.003265
17.310028,0.009983,-0.006725,0.026057,0.026911
17.320243,0.010215,-0.010316,-0.001476,0.010421
17.330190,0.009947,0.018414,0.000918,0.018437
17.340040,0.009850,0.002852,-0.000279,0.002865
17.350058,0.010018,0.016020,0.012889,0.020561
17.360016,0.009958,0.022005,0.012889,0.025502
17.369980,0.009965,-0.021090,0.018874,0.028303
17.380058,0.010078,0.005246,0.006903,0.008670
17.390069,0.010011,-0.012711,0.003312,0.013135
17.400022,0.009953,0.026794,0.009298,0.028361
17.410171,0.010149,0.005246,0.017677,0.018439
17.420221,0.010050,-0.013908,0.015283,0.020664
17.430111,0.009891,0.026794,0.046408,0.053587
17.440042,0.009931,0.031582,-0.007462,0.032452
17.449983,0.009940,-0.006725,0.018874,0.020037
17.460028,0.010046,-0.011513,0.022466,0.025244
17.469956,0.009928,0.022005,0.023663,0.032313
17.480046,0.010090,-0.003134,0.040422,0.040543
17.490011,0.009965,-0.024682,-0.063726,0.068338
17.500042,0.010031,-0.004331,-0.003871,0.005808
17.509980,0.009938,-0.000740,0.009298,0.009327
17.520265,0.010285,-0.011513,0.014086,0.018193
17.530103,0.009838,0.012429,0.017677,0.021609
17.540043,0.009941,-0.033061,-0.003871,0.033287
17.549983,0.009939,0.012429,0.002115,0.012607
17.560086,0.010103,0.008837,-0.001476,0.008960
17.570072,0.009986,-0.011513,-0.023024,0.025742
17.580247,0.010175,0.014823,0.002115,0.014973
17.590132,0.009886,0.012429,0.016480,0.020641
17.600032,0.009899,0.014823,0.017677,0.023069
17.610020,0.009988,0.007640,0.012889,0.014983
17.620014,0.009995,0.008837,0.024860,0.026384
17.630010,0.009995,0.020808,-0.006265,0.021731
17.639982,0.009972,0.002852,0.016480,0.016725
17.649998,0.010016,0.029188,-0.031404,0.042874
17.659976,0.009979,0.020808,-0.012250,0.024147
17.670005,0.010029,0.030385,-0.012250,0.032762
17.679986,0.009981,0.007640,-0.014645,0.016518
17.690103,0.010117,-0.005528,-0.012250,0.013440
17.700031,0.009927,-0.004331,-0.001476,0.004576
17.709972,0.009941,0.013626,0.015283,0.020475
17.720017,0.010045,0.012429,0.020071,0.023608
17.729985,0.009968,-0.004331,-0.034995,0.035262
17.740033,0.010048,0.004049,0.003312,0.005231
17.750030,0.009997,-0.004331,0.010495,0.011353
17.760004,0.009974,-0.005528,-0.017039,0.017913
17.769981,0.009977,0.001655,-0.007462,0.007643
17.780007,0.010026,-0.022287,-0.017039,0.028054
17.790613,0.010606,0.007640,0.005706,0.009536
17.800406,0.009792,0.000458,-0.001476,0.001546
17.810121,0.009715,0.035173,-0.045769,0.057723
17.820620,0.010500,0.026794,-0.110413,0.113617
17.830467,0.009846,-0.011513,0.120628,0.121176
17.840167,0.009700,-0.039047,0.277448,0.280182
17.850351,0.010185,0.047144,-0.079288,0.092245
17.860105,0.009754,-0.029470,-0.176253,0.178700
17.870054,0.009949,-0.125238,-0.008659,0.125537
17.880008,0.009953,0.098620,-0.067317,0.119405
17.889931,0.009923,0.081860,-0.052952,0.097494
17.899967,0.010036,-0.090522,0.041619,0.099631
17.910373,0.010407,0.019611,-0.042178,0.046514
17.920045,0.009671,0.083058,0.011692,0.083876
17.930197,0.010152,-0.021090,0.053590,0.057591
17.939948,0.009752,-0.078551,0.023663,0.082038
17.949865,0.009917,-0.019893,-0.070908,0.073646
17.959914,0.010049,0.030385,-0.048163,0.056947
17.969905,0.009991,-0.001937,0.054787,0.054822
17.980044,0.010140,0.016020,-0.031404,0.035254
17.990102,0.010057,0.016020,-0.000279,0.016022
18.000155,0.010054,0.029188,-0.031404,0.042874
18.010059,0.009904,0.033976,0.006903,0.034671
18.020036,0.009977,0.000458,-0.009856,0.009867
18.029949,0.009913,-0.009119,-0.013447,0.016248
18.039994,0.010046,-0.030667,-0.020630,0.036960
18.049982,0.009987,-0.006725,-0.008659,0.010964
18.060015,0.010033,0.004049,0.005706,0.006997
18.069962,0.009947,-0.027076,0.000918,0.027091
18.080021,0.010059,0.011231,-0.049360,0.050622
18.090110,0.010089,0.031582,-0.052952,0.061655
18.099974,0.009865,0.038765,-0.024221,0.045710
18.110028,0.010053,-0.009119,-0.011053,0.014329
18.120057,0.010030,-0.039047,-0.019433,0.043615
18.129993,0.009936,0.006443,-0.012250,0.013841
18.139995,0.010002,0.016020,0.011692,0.019833
18.150070,0.010075,0.019611,-0.011053,0.022512
18.160004,0.009933,-0.011513,0.016480,0.020104
18.170006,0.010003,0.012429,-0.000279,0.012432
18.179988,0.009982,0.056721,-0.048163,0.074411
18.190070,0.010082,0.001655,0.045211,0.045241
18.200009,0.009940,-0.010316,-0.011053,0.015120
18.210093,0.010083,-0.024682,0.016480,0.029678
18.220211,0.010118,-0.004331,0.008100,0.009185
18.230150,0.009939,0.013626,-0.015842,0.020895
18.240076,0.009926,-0.031864,-0.034995,0.047329
18.250032,0.009956,-0.037850,-0.031404,0.049181
18.259998,0.009966,-0.018696,0.039225,0.043453
18.270101,0.010103,0.013626,0.032042,0.034819
18.280082,0.009981,0.001655,0.004509,0.004803
18.290056,0.009974,0.008837,0.036831,0.037876
18.300014,0.009959,0.006443,0.011692,0.013350
18.310015,0.010000,0.016020,0.003312,0.016359
18.320006,0.009991,-0.001937,0.038028,0.038077
18.330038,0.010032,-0.005528,-0.074500,0.074704
18.340014,0.009977,-0.015105,-0.012250,0.019448
18.350017,0.010003,0.014823,0.047605,0.049859
18.360012,0.009995,0.023202,-0.030207,0.038089
18.370104,0.010092,-0.004331,-0.020630,0.021080
18.380023,0.009918,0.002852,-0.020630,0.020826
18.390283,0.010260,0.031582,0.020071,0.037421
18.400009,0.009727,0.016020,0.027254,0.031614
18.410038,0.010028,-0.005528,0.002115,0.005919
18.420000,0.009963,0.005246,-0.017039,0.017828
18.429976,0.009975,-0.012711,-0.023024,0.026300
18.439996,0.010021,0.022005,0.034437,0.040867
18.449997,0.010001,0.001655,-0.001476,0.002218
18.459977,0.009980,-0.028273,0.004509,0.028630
18.470064,0.010086,0.008837,-0.023024,0.024662
18.479964,0.009901,0.005246,-0.001476,0.005450
18.490035,0.010070,0.022005,-0.015842,0.027114
18.499962,0.009928,0.008837,0.024860,0.026384
18.509968,0.010005,0.011231,0.023663,0.026193
18.520041,0.010074,-0.005528,-0.018236,0.019055
18.530006,0.009964,-0.009119,-0.012250,0.015272
18.539988,0.009982,0.014823,-0.006265,0.016092
18.549978,0.009990,0.039962,0.012889,0.041989
18.559968,0.009991,0.007640,0.012889,0.014983
18.569962,0.009994,0.004049,-0.013447,0.014044
18.579985,0.010023,-0.012711,-0.006265,0.014171
18.590028,0.010043,-0.013908,0.048802,0.050745
18.600083,0.010055,-0.016302,0.063167,0.065237
18.609973,0.009890,-0.021090,0.005706,0.021849
18.619991,0.010017,-0.013908,0.017677,0.022492
18.629964,0.009974,0.019611,0.015283,0.024863
18.639998,0.010034,-0.017499,0.018874,0.025738
18.650000,0.010002,0.011231,0.006903,0.013183
18.659999,0.009999,-0.046229,0.010495,0.047406
18.669978,0.009979,-0.018696,0.022466,0.029227
18.679965,0.009987,0.024400,0.006903,0.025357
18.690041,0.010076,-0.001937,-0.050558,0.050595
18.699979,0.009938,-0.001937,0.038028,0.038077
18.709959,0.009980,-0.013908,0.014086,0.019795
18.719971,0.010012,-0.004331,-0.009856,0.010766
18.729958,0.009987,0.004049,0.012889,0.013510
18.740083,0.010125,-0.013908,-0.017039,0.021994
18.749971,0.009889,0.007640,0.014086,0.016025
18.759966,0.009995,0.025597,0.024860,0.035682
18.769967,0.010001,0.035173,0.003312,0.035329
18.779982,0.010015,0.005246,0.006903,0.008670
18.790110,0.010128,-0.034258,0.042816,0.054835
18.799987,0.009877,0.018414,0.017677,0.025526
18.809971,0.009984,-0.016302,-0.008659,0.018459
18.819990,0.010019,0.023202,-0.009856,0.025209
18.829936,0.009946,-0.010316,-0.020630,0.023066
18.839987,0.010051,0.012429,0.015283,0.019699
18.849982,0.009995,0.018414,-0.002673,0.018607
18.859985,0.010003,0.011231,-0.019433,0.022445
18.869952,0.009967,0.006443,-0.014645,0.015999
18.879961,0.010008,0.011231,0.000918,0.011269
18.890059,0.010098,0.018414,-0.023024,0.029482
18.899988,0.009930,-0.027076,0.010495,0.029038
18.909947,0.009959,0.005246,-0.017039,0.017828
18.919989,0.010043,-0.013908,-0.032601,0.035444
18.929972,0.009982,0.011231,-0.033798,0.035615
18.939994,0.010022,-0.013908,-0.007462,0.015783
18.949997,0.010003,0.000458,-0.051755,0.051757
18.960035,0.010038,-0.004331,0.101474,0.101567
18.969985,0.009950,-0.024682,0.124219,0.126647
18.979991,0.010006,0.024400,-0.037389,0.044646
18.990076,0.010085,-0.053412,-0.141537,0.151280
19.000058,0.009983,-0.085734,0.004509,0.085852
19.009963,0.009904,0.037568,-0.014645,0.040321
19.019997,0.010034,0.036371,0.035634,0.050917
19.029947,0.009950,-0.040244,0.009298,0.041304
19.039963,0.010016,0.022005,-0.100836,0.103209
19.050014,0.010051,0.078269,-0.001476,0.078283
19.059977,0.009963,0.059116,0.060773,0.084782
19.069970,0.009992,0.013626,-0.017039,0.021817
19.079953,0.009984,-0.000740,-0.021827,0.021840
19.090169,0.010216,-0.012711,-0.009856,0.016084
19.100052,0.009883,-0.043835,0.003312,0.043960
19.109974,0.009923,-0.000740,-0.020630,0.020643
19.119958,0.009984,-0.036653,-0.027813,0.046010
19.129972,0.010014,0.022005,-0.068514,0.071961
19.139956,0.009984,0.043553,0.006903,0.044097
19.149993,0.010036,0.068692,-0.006265,0.068977
19.159993,0.010000,0.024400,-0.005068,0.024920
19.169972,0.009979,0.006443,0.017677,0.018815
19.179964,0.009992,0.011231,-0.011053,0.015758
19.189965,0.010001,0.000458,0.010495,0.010505
19.199946,0.009981,-0.016302,-0.011053,0.019696
19.209984,0.010038,-0.040244,-0.026616,0.048249
19.219960,0.009976,-0.000740,0.032042,0.032051
19.229968,0.010008,0.047144,0.021269,0.051720
19.239936,0.009968,-0.003134,0.014086,0.014430
19.249996,0.010060,-0.004331,-0.008659,0.009682
19.259992,0.009996,0.022005,0.042816,0.048140
19.269971,0.009979,0.022005,0.018874,0.028991
19.279945,0.009974,0.018414,-0.005068,0.019099
19.289964,0.010019,-0.019893,0.024860,0.031839
19.300381,0.010417,-0.039047,-0.013447,0.041297
19.310045,0.009664,0.019611,-0.001476,0.019667
19.319998,0.009953,0.030385,0.040422,0.050569
19.329982,0.009984,-0.001937,-0.008659,0.008873
19.339998,0.010015,0.010034,-0.043375,0.044520
19.350013,0.010015,0.025597,0.000918,0.025613
19.359998,0.009985,0.013626,-0.002673,0.013885
19.369968,0.009970,0.002852,-0.014645,0.014920
19.379977,0.010009,-0.006725,-0.033798,0.034461
19.389959,0.009982,0.013626,0.014086,0.019598
19.399941,0.009982,0.020808,0.026057,0.033346
19.409970,0.010029,0.014823,-0.001476,0.014896
19.419954,0.009985,-0.005528,0.012889,0.014024
19.429959,0.010005,0.011231,-0.001476,0.011328
19.439957,0.009998,-0.033061,-0.002673,0.033169
19.450002,0.010045,0.017217,0.022466,0.028304
19.459979,0.009977,0.032779,-0.023024,0.040057
19.469950,0.009971,-0.017499,-0.024221,0.029881
19.479964,0.010014,0.005246,0.014086,0.015031
19.489997,0.010033,-0.015105,0.049999,0.052231
19.499974,0.009977,-0.009119,0.017677,0.019891
19.509960,0.009986,-0.015105,0.011692,0.019101
19.519997,0.010037,-0.019893,0.017677,0.026612
19.530017,0.010020,0.002852,-0.012250,0.012578
19.539969,0.009952,-0.017499,0.048802,0.051844
19.549963,0.009993,0.018414,0.040422,0.044419
19.559958,0.009995,-0.001937,-0.040981,0.041026
19.569970,0.010012,0.008837,-0.027813,0.029183
19.579962,0.009991,-0.021090,-0.021827,0.030352
19.589973,0.010011,-0.018696,0.016480,0.024923
19.599959,0.009986,-0.006725,-0.039784,0.040348
19.609942,0.009983,0.016020,0.018874,0.024756
19.619954,0.010012,-0.009119,0.028451,0.029877
19.629980,0.010026,0.031582,0.058379,0.066374
19.639978,0.009998,0.031582,0.022466,0.038757
19.649997,0.010020,0.030385,-0.036192,0.047256
19.660021,0.010024,0.008837,0.018874,0.020841
19.669966,0.009944,0.007640,-0.013447,0.015466
19.679963,0.009997,0.000458,0.021269,0.021273
19.689946,0.009983,-0.030667,-0.012250,0.033023
19.699967,0.010021,-0.017499,0.006903,0.018811
19.709959,0.009992,0.031582,0.005706,0.032094
19.719969,0.010011,0.022005,0.003312,0.022253
19.730078,0.010108,0.002852,0.004509,0.005335
19.739962,0.009884,0.022005,-0.014645,0.026433
19.750003,0.010041,0.018414,-0.002673,0.018607
19.759974,0.009971,-0.010316,0.004509,0.011259
19.769944,0.009970,0.011231,0.027254,0.029478
19.779969,0.010025,0.007640,0.029648,0.030617
19.789982,0.010012,0.029188,0.021269,0.036115
19.799972,0.009990,-0.025879,-0.001476,0.025921
19.809957,0.009985,-0.013908,-0.021827,0.025881
19.819949,0.009992,-0.022287,-0.015842,0.027344
19.829977,0.010028,0.001655,0.020071,0.020140
19.839955,0.009978,-0.010316,0.005706,0.011789
19.849993,0.010038,0.022005,-0.012250,0.025185
19.859955,0.009962,-0.028273,-0.043375,0.051776
19.869981,0.010026,-0.011513,-0.015842,0.019584
19.880060,0.010079,0.011231,-0.023024,0.025618
19.890929,0.010870,-0.016302,0.000918,0.016328
19.900085,0.009156,0.005246,-0.043375,0.043691
19.910001,0.009915,-0.016302,0.021269,0.026797
19.920070,0.010070,0.007640,0.010495,0.012981
19.929985,0.009915,0.018414,-0.027813,0.033356
19.940124,0.010139,0.005246,-0.012250,0.013326
19.950137,0.010013,-0.005528,0.009298,0.010817
19.960489,0.010352,-0.004331,-0.015842,0.016423
19.970016,0.009526,-0.004331,0.049999,0.050186
19.979923,0.009907,-0.017499,-0.029010,0.033879
19.990143,0.010220,0.000458,0.002115,0.002164
20.000312,0.010170,0.010034,-0.064923,0.065694
20.010167,0.009854,-0.018696,0.003312,0.018987
20.019961,0.009794,0.017217,-0.003871,0.017647
20.029938,0.009977,-0.011513,0.045211,0.046654
20.040018,0.010080,0.013626,0.015283,0.020475
20.050001,0.009983,0.023202,0.012889,0.026542
20.060059,0.010058,-0.019893,0.021269,0.029122
20.069987,0.009928,-0.021090,0.009298,0.023049
20.080024,0.010037,0.011231,0.018874,0.021963
20.090203,0.010179,0.006443,0.002115,0.006781
20.100097,0.009894,0.001655,0.006903,0.007099
20.110036,0.009939,0.017217,0.040422,0.043936
20.120039,0.010002,-0.006725,0.010495,0.012464
20.130030,0.009992,0.002852,0.020071,0.020273
20.140018,0.009987,-0.006725,0.002115,0.007050
20.150065,0.010047,0.000458,0.033240,0.033243
20.160056,0.009991,-0.025879,0.002115,0.025965
20.170072,0.010016,-0.006725,0.027254,0.028071
20.180063,0.009991,-0.005528,-0.025418,0.026013
20.190117,0.010054,0.008837,-0.030207,0.031473
20.200065,0.009948,0.029188,0.024860,0.038340
20.210228,0.010163,0.005246,0.006903,0.008670
20.220071,0.009843,-0.015105,-0.012250,0.019448
20.230039,0.009968,0.030385,0.026057,0.040028
20.240049,0.010010,-0.001937,0.023663,0.023742
20.250036,0.009986,0.035173,-0.006265,0.035727
20.260045,0.010010,-0.000740,0.060773,0.060777
20.270056,0.010010,0.008837,-0.007462,0.011566
20.280027,0.009971,0.044750,0.030845,0.054351
20.290064,0.010037,-0.004331,0.011692,0.012468
20.300014,0.009950,-0.016302,0.038028,0.041375
20.309999,0.009985,0.007640,-0.018236,0.019772
20.320109,0.010110,0.026794,-0.005068,0.027269
20.330058,0.009949,0.020808,-0.000279,0.020810
20.340049,0.009991,-0.024682,-0.025418,0.035430
20.350051,0.010002,-0.018696,0.029648,0.035051
20.360056,0.010005,0.010034,-0.046966,0.048026
20.369998,0.009942,0.005246,-0.024221,0.024783
20.379994,0.009996,0.013626,-0.051755,0.053518
20.390039,0.010045,-0.001937,0.051196,0.051233
20.400004,0.009965,-0.033061,0.011692,0.035068
20.410233,0.010229,0.000458,-0.037389,0.037392
20.420209,0.009976,-0.000740,-0.025418,0.025429
20.430018,0.009809,0.012429,-0.019433,0.023067
20.440016,0.009997,0.020808,0.059576,0.063105
20.449994,0.009978,0.007640,0.028451,0.029459
20.459997,0.010003,-0.016302,-0.011053,0.019696
20.469982,0.009985,-0.025879,-0.024221,0.035445
20.480000,0.010018,-0.027076,-0.054149,0.060541
20.490138,0.010139,-0.012711,0.003312,0.013135
20.500118,0.009979,-0.000740,0.034437,0.034445
20.510060,0.009942,0.016020,-0.015842,0.022530
20.520205,0.010145,-0.010316,0.022466,0.024721
20.530179,0.009974,0.005246,-0.006265,0.008171
20.540006,0.009827,0.030385,-0.036192,0.047256
20.549994,0.009988,0.029188,-0.051755,0.059418
20.560011,0.010018,0.010034,0.023663,0.025702
20.570049,0.010038,-0.021090,-0.006265,0.022001
20.580106,0.010057,-0.024682,0.017677,0.030359
20.590070,0.009964,-0.012711,-0.030207,0.032772
20.600019,0.009949,-0.009119,0.011692,0.014828
20.610039,0.010020,-0.025879,0.024860,0.035885
20.620011,0.009972,0.022005,0.018874,0.028991
20.629998,0.009988,0.038765,-0.000279,0.038766
20.639989,0.009991,0.030385,0.003312,0.030565
20.650023,0.010034,0.036371,0.000918,0.036382
20.659989,0.009966,0.012429,-0.006265,0.013918
20.670006,0.010016,-0.010316,-0.007462,0.012732
20.680207,0.010202,0.012429,-0.018236,0.022068
20.690092,0.009885,-0.000740,0.016480,0.016497
20.700054,0.009962,-0.013908,0.049999,0.051897
20.710012,0.009958,-0.015105,-0.011053,0.018717
20.720024,0.010012,-0.003134,-0.033798,0.033943
20.730035,0.010011,0.024400,-0.029010,0.037907
20.740014,0.009979,0.013626,0.032042,0.034819
20.750014,0.010000,0.008837,0.032042,0.033239
20.760011,0.009997,-0.028273,-0.040981,0.049787
20.770027,0.010016,0.001655,0.012889,0.012995
20.780015,0.009987,-0.010316,-0.031404,0.033055
20.790079,0.010065,-0.012711,0.004509,0.013487
20.800059,0.009979,-0.001937,-0.026616,0.026686
20.810060,0.010001,-0.000740,0.002115,0.002240
20.820053,0.009993,-0.009119,-0.038587,0.039649
20.830042,0.009990,0.012429,-0.011053,0.016633
20.840044,0.010002,-0.015105,0.004509,0.015763
20.850043,0.009998,-0.017499,0.016480,0.024038
20.860038,0.009995,0.012429,-0.042178,0.043971
20.870040,0.010003,-0.015105,0.034437,0.037604
20.880035,0.009995,0.010034,0.012889,0.016334
20.890091,0.010056,-0.000740,-0.014645,0.014663
20.900108,0.010017,-0.031864,0.020071,0.037659
20.910053,0.009945,-0.006725,-0.038587,0.039168
20.920027,0.009973,-0.003134,0.022466,0.022683
20.930023,0.009996,-0.030667,-0.020630,0.036960
20.940104,0.010082,0.002852,-0.015842,0.016096
20.950096,0.009991,0.031582,-0.020630,0.037723
20.960052,0.009957,0.005246,0.000918,0.005326
20.970037,0.009984,0.007640,-0.031404,0.032320
20.980064,0.010028,-0.006725,-0.012250,0.013975
20.990067,0.010003,0.001655,0.000918,0.001892
21.000041,0.009974,-0.011513,0.004509,0.012365
21.010046,0.010005,0.000458,0.012889,0.012897
21.019992,0.009946,0.023202,-0.027813,0.036220
21.030171,0.010179,-0.001937,-0.040981,0.041026
21.040048,0.009876,-0.018696,-0.026616,0.032526
21.050011,0.009964,0.012429,-0.018236,0.022068
21.060022,0.010011,-0.015105,-0.027813,0.031650
21.070005,0.009984,-0.010316,-0.033798,0.035338
21.080024,0.010018,0.011231,-0.001476,0.011328
21.090225,0.010202,-0.023484,-0.029010,0.037324
21.100185,0.009960,0.002852,0.044013,0.044106
21.110016,0.009831,-0.004331,-0.009856,0.010766
21.120068,0.010052,0.024400,0.012889,0.027595
21.130009,0.009941,0.001655,-0.018236,0.018311
21.140039,0.010030,-0.033061,0.008100,0.034039
21.150084,0.010044,0.001655,-0.006265,0.006480
21.160098,0.010014,0.010034,-0.043375,0.044520
21.170060,0.009962,-0.006725,-0.017039,0.018318
21.180059,0.010000,-0.015105,-0.033798,0.037020
21.190064,0.010005,0.002852,-0.043375,0.043469
21.200047,0.009982,0.012429,-0.013447,0.018311
21.210037,0.009990,-0.003134,0.009298,0.009811
21.220036,0.010000,0.025597,-0.026616,0.036927
21.230015,0.009978,-0.012711,-0.001476,0.012796
21.240012,0.009998,-0.036653,-0.009856,0.037955
21.250031,0.010018,-0.021090,0.032042,0.038360
21.260012,0.009982,0.018414,0.032042,0.036957
21.270023,0.010010,0.008837,-0.030207,0.031473
21.280004,0.009981,0.006443,0.006903,0.009443
21.290073,0.010069,0.007640,0.014086,0.016025
21.300041,0.009968,0.019611,0.006903,0.020791
21.310061,0.010021,-0.003134,-0.000279,0.003146
21.320050,0.009988,-0.003134,-0.002673,0.004119
21.330015,0.009965,0.013626,0.034437,0.037034
21.340099,0.010084,-0.012711,-0.000279,0.012714
21.350128,0.010030,0.000458,-0.001476,0.001546
21.360020,0.009892,-0.004331,0.004509,0.006252
21.370008,0.009988,0.020808,0.048802,0.053053
21.379996,0.009988,-0.009119,0.004509,0.010173
21.390031,0.010034,-0.029470,-0.013447,0.032393
21.400009,0.009979,0.017217,-0.008659,0.019272
21.410028,0.010019,0.022005,0.042816,0.048140
21.420015,0.009988,-0.007922,-0.006265,0.010100
21.430149,0.010134,0.000458,-0.046966,0.046968
21.440081,0.009932,0.022005,-0.051755,0.056239
21.450033,0.009952,0.026794,-0.155902,0.158188
21.460018,0.009986,0.018414,-0.042178,0.046022
21.470004,0.009986,-0.011513,0.084715,0.085494
21.480013,0.010009,0.012429,0.150555,0.151068
21.490044,0.010031,0.022005,-0.020630,0.030163
21.500106,0.010062,-0.016302,-0.127172,0.128213
21.510294,0.010188,-0.101296,0.063167,0.119377
21.520225,0.009930,-0.048624,0.188863,0.195021
21.530259,0.010035,0.079466,0.035634,0.087090
21.540006,0.009747,-0.003134,-0.131960,0.131998
21.550005,0.010000,-0.055806,-0.058937,0.081166
21.560005,0.010000,0.097423,0.018874,0.099234
21.570455,0.010450,0.112985,0.071547,0.133733
21.580024,0.009569,-0.070171,0.021269,0.073324
21.589965,0.009941,-0.062989,-0.075697,0.098476
21.599905,0.009940,0.047144,-0.042178,0.063258
21.610022,0.010117,0.022005,0.107460,0.109690
21.619939,0.009917,-0.062989,0.041619,0.075497
21.629965,0.010026,-0.049821,-0.087668,0.100835
21.640001,0.010036,-0.024682,-0.102033,0.104976
21.650057,0.010056,0.035173,0.072744,0.080801
21.659997,0.009940,0.031582,0.105066,0.109710
21.670012,0.010015,-0.005528,0.017677,0.018521
21.680047,0.010035,0.049539,-0.050558,0.070782
21.690065,0.010018,0.029188,-0.038587,0.048382
21.700023,0.009959,0.020808,0.024860,0.032419
21.710019,0.009996,-0.029470,0.032042,0.043534
21.720007,0.009988,-0.015105,-0.074500,0.076015
21.730023,0.010016,-0.003134,-0.039784,0.039907
21.740026,0.010003,0.006443,-0.001476,0.006610
21.750049,0.010023,0.030385,0.036831,0.047747
21.760061,0.010011,-0.015105,-0.014645,0.021038
21.770069,0.010008,0.035173,-0.086471,0.093351
21.780107,0.010039,0.018414,-0.014645,0.023527
21.790119,0.010012,0.038765,0.038028,0.054303
21.800047,0.009928,-0.001937,0.009298,0.009497
21.810053,0.010005,-0.016302,-0.002673,0.016520
21.820036,0.009983,0.002852,-0.032601,0.032726
21.830004,0.009968,-0.009119,0.022466,0.024246
21.840068,0.010064,0.016020,-0.042178,0.045118
21.850064,0.009996,-0.034258,-0.011053,0.035997
21.860050,0.009986,-0.005528,-0.038587,0.038980
21.870081,0.010031,0.050736,-0.014645,0.052807
21.880046,0.009965,0.018414,0.049999,0.053282
21.890070,0.010024,-0.010316,0.018874,0.021510
21.900119,0.010049,-0.017499,-0.014645,0.022818
21.910181,0.010062,0.020808,-0.034995,0.040714
21.920082,0.009901,0.011231,0.008100,0.013848
21.929965,0.009883,-0.018696,-0.011053,0.021719
21.940161,0.010196,-0.024682,0.054787,0.060090
21.950147,0.009985,0.027991,-0.018236,0.033407
21.960010,0.009863,0.014823,0.026057,0.029978
21.970223,0.010213,-0.004331,-0.013447,0.014128
21.980051,0.009828,0.013626,0.029648,0.032629
21.990148,0.010097,0.002852,-0.008659,0.009117
22.000201,0.010053,-0.011513,-0.034995,0.036841
22.010105,0.009904,-0.006725,0.042816,0.043341
22.020195,0.010090,0.001655,0.018874,0.018947
22.029945,0.009750,-0.006725,-0.014645,0.016115
22.040056,0.010111,-0.004331,0.005706,0.007164
22.050035,0.009979,-0.010316,-0.021827,0.024142
22.060052,0.010017,-0.007922,-0.005068,0.009404
22.069976,0.009924,0.008837,0.024860,0.026384
22.079978,0.010001,0.013626,0.017677,0.022319
22.090157,0.010179,-0.007922,-0.052952,0.053541
22.100091,0.009935,0.014823,0.044013,0.046442
22.110023,0.009932,0.038765,-0.014645,0.041439
22.119962,0.009939,0.008837,0.033240,0.034394
22.130095,0.010133,-0.007922,0.035634,0.036504
22.140042,0.009947,0.007640,0.003312,0.008327
22.149957,0.009915,0.027991,0.032042,0.042547
22.160032,0.010075,0.020808,0.021269,0.029755
22.169986,0.009954,-0.027076,0.009298,0.028628
22.180017,0.010031,0.002852,0.012889,0.013201
22.190047,0.010029,0.039962,-0.005068,0.040282
22.200007,0.009960,0.039962,-0.014645,0.042561
22.210113,0.010107,0.006443,-0.005068,0.008197
22.220017,0.009904,0.005246,-0.012250,0.013326
22.230009,0.009992,-0.007922,0.017677,0.019371
22.239946,0.009937,-0.004331,0.015283,0.015885
22.250011,0.010066,0.016020,0.042816,0.045715
22.259968,0.009957,0.011231,-0.018236,0.021417
22.270006,0.010038,0.012429,0.006903,0.014217
22.279989,0.009983,0.008837,0.033240,0.034394
22.290092,0.010103,-0.004331,-0.026616,0.026966
22.300029,0.009937,-0.007922,-0.011053,0.013599
22.310022,0.009994,0.006443,0.038028,0.038570
22.320074,0.010051,-0.010316,-0.002673,0.010657
22.330024,0.009951,0.001655,-0.003871,0.004209
22.340034,0.010010,-0.019893,-0.023024,0.030428
22.350100,0.010066,0.001655,0.004509,0.004803
22.360085,0.009985,0.002852,-0.031404,0.031533
22.370085,0.010000,0.022005,-0.002673,0.022167
22.380051,0.009965,-0.003134,0.020071,0.020315
22.390072,0.010021,0.007640,-0.015842,0.017588
22.400035,0.009963,0.014823,0.000918,0.014851
22.410062,0.010028,0.018414,-0.000279,0.018416
22.420026,0.009964,-0.003134,0.051196,0.051292
22.430033,0.010007,0.024400,0.000918,0.024417
22.440027,0.009994,0.005246,-0.015842,0.016688
22.450015,0.009987,-0.023484,0.069153,0.073031
22.460039,0.010024,0.041159,-0.021827,0.046588
22.470028,0.009989,-0.035455,0.070350,0.078779
22.480305,0.010277,-0.039047,-0.013447,0.041297
22.490240,0.009935,-0.001937,-0.062529,0.062559
22.500095,0.009856,-0.007922,0.087109,0.087469
22.509986,0.009891,0.023202,0.051196,0.056208
22.520107,0.010121,-0.005528,0.009298,0.010817
22.530120,0.010013,-0.003134,-0.064923,0.064998
22.540023,0.009903,0.035173,-0.063726,0.072788
22.550125,0.010102,0.039962,-0.049360,0.063509
22.560069,0.009943,-0.022287,0.059576,0.063608
22.570127,0.010059,-0.018696,0.023663,0.030157
22.580093,0.009965,0.010034,-0.029010,0.030696
22.590036,0.009943,0.004049,0.024860,0.025187
22.599994,0.009958,-0.016302,-0.008659,0.018459
22.610127,0.010134,0.006443,0.000918,0.006508
22.620084,0.009956,0.019611,0.010495,0.022243
22.629999,0.009915,0.063904,-0.056543,0.085328
22.640003,0.010004,0.017217,0.069153,0.071264
22.649966,0.009964,-0.015105,-0.013447,0.020223
22.660075,0.010109,0.016020,-0.031404,0.035254
22.670017,0.009941,0.022005,-0.027813,0.035465
22.680023,0.010006,0.006443,0.004509,0.007864
22.690042,0.010020,-0.005528,0.021269,0.021975
22.700022,0.009979,0.008837,0.032042,0.033239
22.710006,0.009984,-0.009119,0.009298,0.013023
22.720000,0.009994,0.006443,0.010495,0.012315
22.730004,0.010004,0.038765,-0.017039,0.042344
22.739991,0.009987,-0.003134,-0.005068,0.005958
22.750002,0.010011,0.011231,0.051196,0.052414
22.760014,0.010012,-0.009119,-0.005068,0.010433
22.770174,0.010160,-0.006725,0.018874,0.020037
