t_s,dt_s,az_raw,az_dynamic,vel_z,disp_z
0.000000,0.000000,9.386468,0.010495,0.000000,0.000000
0.009966,0.009966,9.429563,0.053590,0.000534,0.000005
0.019974,0.010008,9.391256,0.015283,0.000687,0.000012
0.030015,0.010041,9.374497,-0.001476,0.000672,0.000019
0.039994,0.009979,9.203311,-0.172662,-0.001051,0.000008
0.049954,0.009960,9.358934,-0.017039,-0.001220,-0.000004
0.059984,0.010031,9.634267,0.258294,0.001370,0.000010
0.070002,0.010018,9.327810,-0.048163,0.000888,0.000019
0.079959,0.009957,9.063250,-0.312723,-0.002226,-0.000003
0.090373,0.010414,9.351752,-0.024221,-0.002478,-0.000029
0.100029,0.009656,9.306262,-0.069711,-0.003151,-0.000059
0.110033,0.010003,9.418789,0.042816,-0.002723,-0.000087
0.120024,0.009991,9.518149,0.142176,-0.001302,-0.000100
0.130007,0.009983,9.297882,-0.078091,-0.002082,-0.000120
0.139964,0.009957,9.338584,-0.037389,-0.002454,-0.000145
0.150016,0.010052,9.510966,0.134993,-0.001097,-0.000156
0.159968,0.009953,9.379285,0.003312,-0.001064,-0.000167
0.170023,0.010055,9.296685,-0.079288,-0.001862,-0.000185
0.179991,0.009969,9.302671,-0.073302,-0.002592,-0.000211
0.190032,0.010041,9.381679,0.005706,-0.002535,-0.000237
0.199961,0.009929,9.384073,0.008100,-0.002455,-0.000261
0.209985,0.010023,9.392453,0.016480,-0.002289,-0.000284
0.220004,0.010019,9.239224,-0.136749,-0.003660,-0.000321
0.229999,0.009995,9.296685,-0.079288,-0.004452,-0.000365
0.239993,0.009995,9.441534,0.065561,-0.003797,-0.000403
0.250009,0.010016,9.390059,0.014086,-0.003656,-0.000440
0.259962,0.009953,9.318233,-0.057740,-0.004230,-0.000482
0.269987,0.010025,9.370905,-0.005068,-0.004281,-0.000525
0.279961,0.009974,9.409213,0.033240,-0.003950,-0.000564
0.290014,0.010053,9.443928,0.067955,-0.003266,-0.000597
0.299945,0.009931,9.393650,0.017677,-0.003091,-0.000628
0.309997,0.010052,9.323021,-0.052952,-0.003623,-0.000664
0.319998,0.010001,9.374497,-0.001476,-0.003638,-0.000700
0.329996,0.009998,9.436746,0.060773,-0.003030,-0.000731
0.339962,0.009966,9.435549,0.059576,-0.002437,-0.000755
0.350007,0.010045,9.348160,-0.027813,-0.002716,-0.000782
0.359988,0.009981,9.326613,-0.049360,-0.003209,-0.000814
0.370009,0.010021,9.386468,0.010495,-0.003103,-0.000845
0.379962,0.009953,9.354146,-0.021827,-0.003321,-0.000878
0.390012,0.010050,9.345766,-0.030207,-0.003624,-0.000915
0.399974,0.009962,9.368511,-0.007462,-0.003699,-0.000952
0.409999,0.010025,9.368511,-0.007462,-0.003773,-0.000990
0.420005,0.010006,9.431957,0.055984,-0.003213,-0.001022
0.429950,0.009944,9.342175,-0.033798,-0.003549,-0.001057
0.439980,0.010031,9.338584,-0.037389,-0.003924,-0.001096
0.450007,0.010027,9.402030,0.026057,-0.003663,-0.001133
0.459971,0.009964,9.390059,0.014086,-0.003523,-0.001168
0.469963,0.009992,9.354146,-0.021827,-0.003741,-0.001206
0.480081,0.010118,9.390059,0.014086,-0.003598,-0.001242
0.489981,0.009901,9.348160,-0.027813,-0.003874,-0.001280
0.499978,0.009996,9.412804,0.036831,-0.003506,-0.001315
0.509959,0.009982,9.397242,0.021269,-0.003293,-0.001348
0.519995,0.010036,9.411607,0.035634,-0.002936,-0.001378
0.529953,0.009958,9.331401,-0.044572,-0.003379,-0.001411
0.540007,0.010054,9.162610,-0.213363,-0.005525,-0.001467
0.549971,0.009964,9.126697,-0.249276,-0.008008,-0.001547
0.559968,0.009997,10.053253,0.677280,-0.001238,-0.001559
0.569969,0.010001,9.591172,0.215199,0.000914,-0.001550
0.579961,0.009992,8.930372,-0.445601,-0.003538,-0.001585
0.589983,0.010022,9.143456,-0.232517,-0.005868,-0.001644
0.600319,0.010336,9.578004,0.202031,-0.003780,-0.001683
0.610008,0.009689,9.376891,0.000918,-0.003771,-0.001720
0.619990,0.009982,9.295488,-0.080485,-0.004574,-0.001765
0.629977,0.009987,9.467870,0.091897,-0.003657,-0.001802
0.640003,0.010026,9.167398,-0.208575,-0.005748,-0.001859
0.649992,0.009989,9.318233,-0.057740,-0.006325,-0.001923
0.659966,0.009974,9.622296,0.246323,-0.003868,-0.001961
0.669970,0.010004,9.593566,0.217593,-0.001691,-0.001978
0.679980,0.010010,9.329007,-0.046966,-0.002161,-0.002000
0.690003,0.010023,9.132682,-0.243291,-0.004599,-0.002046
0.699952,0.009949,9.466673,0.090700,-0.003697,-0.002083
0.709936,0.009984,9.477447,0.101474,-0.002684,-0.002109
0.719968,0.010032,9.460688,0.084715,-0.001834,-0.002128
0.729968,0.010000,9.289502,-0.086471,-0.002699,-0.002155
0.740000,0.010032,9.302671,-0.073302,-0.003434,-0.002189
0.749942,0.009942,9.372102,-0.003871,-0.003473,-0.002224
0.759943,0.010001,9.477447,0.101474,-0.002458,-0.002248
0.769967,0.010024,9.378088,0.002115,-0.002436,-0.002273
0.779978,0.010011,9.272743,-0.103230,-0.003470,-0.002308
0.789994,0.010017,9.311050,-0.064923,-0.004120,-0.002349
0.799969,0.009975,9.463082,0.087109,-0.003251,-0.002381
0.809944,0.009975,9.455899,0.079926,-0.002454,-0.002406
0.820000,0.010056,9.336189,-0.039784,-0.002854,-0.002434
0.829964,0.009964,9.277531,-0.098442,-0.003835,-0.002473
0.840036,0.010072,9.403227,0.027254,-0.003560,-0.002508
0.850000,0.009964,9.425972,0.049999,-0.003062,-0.002539
0.859973,0.009972,9.390059,0.014086,-0.002922,-0.002568
0.869978,0.010005,9.349357,-0.026616,-0.003188,-0.002600
0.879957,0.009979,9.361328,-0.014645,-0.003334,-0.002633
0.889988,0.010031,9.414001,0.038028,-0.002953,-0.002663
0.899987,0.009999,9.380482,0.004509,-0.002908,-0.002692
0.909959,0.009972,9.329007,-0.046966,-0.003376,-0.002726
0.919969,0.010010,9.333795,-0.042178,-0.003798,-0.002764
0.929935,0.009966,9.356540,-0.019433,-0.003992,-0.002803
0.939955,0.010020,9.391256,0.015283,-0.003839,-0.002842
0.949958,0.010003,9.398439,0.022466,-0.003614,-0.002878
0.959943,0.009985,9.367314,-0.008659,-0.003700,-0.002915
0.969973,0.010030,9.390059,0.014086,-0.003559,-0.002951
0.979972,0.009999,9.410410,0.034437,-0.003215,-0.002983
0.989980,0.010007,9.372102,-0.003871,-0.003254,-0.003015
0.999980,0.010000,9.368511,-0.007462,-0.003328,-0.003049
1.009958,0.009978,9.369708,-0.006265,-0.003391,-0.003083
1.019972,0.010013,9.361328,-0.014645,-0.003537,-0.003118
1.029967,0.009995,9.391256,0.015283,-0.003385,-0.003152
1.039980,0.010013,9.386468,0.010495,-0.003280,-0.003185
1.050029,0.010049,9.414001,0.038028,-0.002897,-0.003214
1.059972,0.009943,9.369708,-0.006265,-0.002960,-0.003243
1.070018,0.010046,9.309853,-0.066120,-0.003624,-0.003280
1.080018,0.010000,9.382876,0.006903,-0.003555,-0.003315
1.090180,0.010162,9.390059,0.014086,-0.003412,-0.003350
1.099981,0.009801,9.380482,0.004509,-0.003368,-0.003383
1.109962,0.009980,9.364920,-0.011053,-0.003478,-0.003418
1.119973,0.010011,9.361328,-0.014645,-0.003624,-0.003454
1.129961,0.009988,9.342175,-0.033798,-0.003962,-0.003493
1.139963,0.010003,9.362526,-0.013447,-0.004097,-0.003534
1.149965,0.010001,9.343372,-0.032601,-0.004423,-0.003579
1.159986,0.010021,9.405621,0.029648,-0.004125,-0.003620
1.169967,0.009981,9.408015,0.032042,-0.003806,-0.003658
1.179978,0.010011,9.375694,-0.000279,-0.003808,-0.003696
1.189986,0.010008,9.319430,-0.056543,-0.004374,-0.003740
1.199946,0.009960,9.404424,0.028451,-0.004091,-0.003781
1.209939,0.009993,9.367314,-0.008659,-0.004177,-0.003822
1.219938,0.009999,9.409213,0.033240,-0.003845,-0.003861
1.229971,0.010033,9.362526,-0.013447,-0.003980,-0.003901
1.239992,0.010021,9.361328,-0.014645,-0.004127,-0.003942
1.249995,0.010003,9.358934,-0.017039,-0.004297,-0.003985
1.259958,0.009963,9.324218,-0.051755,-0.004813,-0.004033
1.269954,0.009995,9.378088,0.002115,-0.004792,-0.004081
1.279967,0.010013,9.363723,-0.012250,-0.004914,-0.004130
1.289985,0.010018,9.422381,0.046408,-0.004449,-0.004175
1.299944,0.009959,9.350555,-0.025418,-0.004703,-0.004221
1.309979,0.010036,9.340978,-0.034995,-0.005054,-0.004272
1.319982,0.010003,9.367314,-0.008659,-0.005140,-0.004324
1.329950,0.009968,9.367314,-0.008659,-0.005227,-0.004376
1.340003,0.010053,9.358934,-0.017039,-0.005398,-0.004430
1.349985,0.009982,9.364920,-0.011053,-0.005508,-0.004485
1.360000,0.010015,9.417592,0.041619,-0.005092,-0.004536
1.369969,0.009969,9.382876,0.006903,-0.005023,-0.004586
1.379942,0.009973,9.376891,0.000918,-0.005014,-0.004636
1.389992,0.010050,9.375694,-0.000279,-0.005016,-0.004686
1.399950,0.009958,9.321824,-0.054149,-0.005556,-0.004742
1.409995,0.010045,9.375694,-0.000279,-0.005558,-0.004798
1.419979,0.009984,9.348160,-0.027813,-0.005836,-0.004856
1.429978,0.009999,9.363723,-0.012250,-0.005959,-0.004915
1.439994,0.010015,9.386468,0.010495,-0.005854,-0.004974
1.450004,0.010010,9.391256,0.015283,-0.005701,-0.005031
1.459986,0.009982,9.356540,-0.019433,-0.005895,-0.005090
1.469976,0.009990,9.423578,0.047605,-0.005419,-0.005144
1.480397,0.010421,9.355343,-0.020630,-0.005634,-0.005203
1.490071,0.009674,9.313444,-0.062529,-0.006239,-0.005263
1.500156,0.010085,9.337386,-0.038587,-0.006628,-0.005330
1.510148,0.009992,9.362526,-0.013447,-0.006762,-0.005398
1.520001,0.009853,9.400833,0.024860,-0.006517,-0.005462
1.530137,0.010136,9.396044,0.020071,-0.006314,-0.005526
1.540067,0.009930,9.382876,0.006903,-0.006245,-0.005588
1.550072,0.010004,9.375694,-0.000279,-0.006248,-0.005650
1.560051,0.009980,9.379285,0.003312,-0.006215,-0.005712
1.569976,0.009925,9.393650,0.017677,-0.006040,-0.005772
1.579976,0.010000,9.378088,0.002115,-0.006019,-0.005832
1.589982,0.010006,9.374497,-0.001476,-0.006033,-0.005893
1.599957,0.009975,9.354146,-0.021827,-0.006251,-0.005955
1.609972,0.010015,9.361328,-0.014645,-0.006398,-0.006019
1.620028,0.010056,9.362526,-0.013447,-0.006533,-0.006085
1.630024,0.009996,9.397242,0.021269,-0.006320,-0.006148
1.640014,0.009990,9.355343,-0.020630,-0.006526,-0.006213
1.650018,0.010004,9.369708,-0.006265,-0.006589,-0.006279
1.660042,0.010024,9.366117,-0.009856,-0.006688,-0.006346
1.669981,0.009939,9.362526,-0.013447,-0.006822,-0.006414
1.679999,0.010017,9.385271,0.009298,-0.006728,-0.006482
1.690009,0.010010,9.362526,-0.013447,-0.006863,-0.006550
1.699970,0.009961,9.380482,0.004509,-0.006818,-0.006618
1.709947,0.009977,9.382876,0.006903,-0.006749,-0.006685
1.719988,0.010041,9.356540,-0.019433,-0.006944,-0.006755
1.730005,0.010016,9.393650,0.017677,-0.006767,-0.006823
1.739981,0.009976,9.399636,0.023663,-0.006531,-0.006888
1.750027,0.010046,9.376891,0.000918,-0.006522,-0.006954
1.760005,0.009978,9.385271,0.009298,-0.006429,-0.007018
1.769972,0.009967,9.411607,0.035634,-0.006074,-0.007078
1.779967,0.009995,9.399636,0.023663,-0.005838,-0.007137
1.789974,0.010008,9.366117,-0.009856,-0.005936,-0.007196
1.799982,0.010007,9.386468,0.010495,-0.005831,-0.007254
1.809981,0.009999,9.385271,0.009298,-0.005738,-0.007312
1.819995,0.010014,9.344569,-0.031404,-0.006053,-0.007372
1.830018,0.010023,9.354146,-0.021827,-0.006272,-0.007435
1.839972,0.009955,9.375694,-0.000279,-0.006274,-0.007498
1.850027,0.010054,9.336189,-0.039784,-0.006674,-0.007565
1.859986,0.009959,9.393650,0.017677,-0.006498,-0.007630
1.869976,0.009990,9.309853,-0.066120,-0.007159,-0.007701
1.880076,0.010100,9.390059,0.014086,-0.007016,-0.007772
1.890038,0.009962,9.369708,-0.006265,-0.007079,-0.007843
1.900004,0.009966,9.363723,-0.012250,-0.007201,-0.007914
1.909981,0.009977,9.372102,-0.003871,-0.007240,-0.007987
1.919959,0.009978,9.386468,0.010495,-0.007135,-0.008058
1.929975,0.010016,9.367314,-0.008659,-0.007222,-0.008130
1.939970,0.009995,9.378088,0.002115,-0.007200,-0.008202
1.949955,0.009985,9.381679,0.005706,-0.007143,-0.008273
1.960014,0.010059,9.369708,-0.006265,-0.007207,-0.008346
1.970073,0.010059,9.396044,0.020071,-0.007005,-0.008416
1.979989,0.009915,9.366117,-0.009856,-0.007102,-0.008487
1.989967,0.009978,9.363723,-0.012250,-0.007225,-0.008559
1.999960,0.009994,9.372102,-0.003871,-0.007263,-0.008631
2.009963,0.010003,9.423578,0.047605,-0.006787,-0.008699
2.019961,0.009998,9.361328,-0.014645,-0.006933,-0.008769
2.029996,0.010036,9.409213,0.033240,-0.006600,-0.008835
2.039994,0.009998,9.404424,0.028451,-0.006315,-0.008898
2.050052,0.010058,9.422381,0.046408,-0.005849,-0.008957
2.060198,0.010146,9.403227,0.027254,-0.005572,-0.009013
2.070237,0.010039,9.350555,-0.025418,-0.005827,-0.009072
2.080032,0.009795,9.409213,0.033240,-0.005502,-0.009126
2.090110,0.010077,9.367314,-0.008659,-0.005589,-0.009182
2.099990,0.009880,9.338584,-0.037389,-0.005958,-0.009241
2.109974,0.009984,9.334992,-0.040981,-0.006368,-0.009304
2.119975,0.010001,9.384073,0.008100,-0.006287,-0.009367
2.129956,0.009981,9.430760,0.054787,-0.005740,-0.009425
2.139995,0.010038,9.362526,-0.013447,-0.005875,-0.009484
2.149994,0.009999,9.380482,0.004509,-0.005830,-0.009542
2.159965,0.009971,9.356540,-0.019433,-0.006023,-0.009602
2.169976,0.010012,9.351752,-0.024221,-0.006266,-0.009665
2.179986,0.010009,9.403227,0.027254,-0.005993,-0.009725
2.189981,0.009995,9.387665,0.011692,-0.005876,-0.009783
2.199966,0.009985,9.373299,-0.002673,-0.005903,-0.009842
2.209976,0.010010,9.381679,0.005706,-0.005846,-0.009901
2.219959,0.009983,9.336189,-0.039784,-0.006243,-0.009963
2.229973,0.010015,9.355343,-0.020630,-0.006450,-0.010028
2.239993,0.010020,9.390059,0.014086,-0.006308,-0.010091
2.249988,0.009995,9.412804,0.036831,-0.005940,-0.010150
2.259964,0.009976,9.409213,0.033240,-0.005609,-0.010206
2.269962,0.009998,9.393650,0.017677,-0.005432,-0.010261
2.279971,0.010009,9.390059,0.014086,-0.005291,-0.010314
2.289987,0.010015,9.406818,0.030845,-0.004982,-0.010363
2.299953,0.009966,9.394847,0.018874,-0.004794,-0.010411
2.309943,0.009990,9.372102,-0.003871,-0.004833,-0.010460
2.319947,0.010004,9.357737,-0.018236,-0.005015,-0.010510
2.329968,0.010021,9.362526,-0.013447,-0.005150,-0.010561
2.339966,0.009998,9.381679,0.005706,-0.005093,-0.010612
2.349959,0.009993,9.380482,0.004509,-0.005048,-0.010663
2.359979,0.010020,9.337386,-0.038587,-0.005434,-0.010717
2.369955,0.009976,9.357737,-0.018236,-0.005616,-0.010773
2.379955,0.010000,9.368511,-0.007462,-0.005691,-0.010830
2.389979,0.010025,9.394847,0.018874,-0.005502,-0.010885
2.399947,0.009968,9.398439,0.022466,-0.005278,-0.010938
2.410045,0.010098,9.367314,-0.008659,-0.005365,-0.010992
2.419984,0.009939,9.387665,0.011692,-0.005249,-0.011044
2.429963,0.009978,9.384073,0.008100,-0.005168,-0.011096
2.439985,0.010023,9.372102,-0.003871,-0.005207,-0.011148
2.449988,0.010003,9.358934,-0.017039,-0.005377,-0.011202
2.459976,0.009988,9.351752,-0.024221,-0.005619,-0.011258
2.469962,0.009986,9.379285,0.003312,-0.005586,-0.011314
2.479976,0.010015,9.363723,-0.012250,-0.005709,-0.011371
2.489983,0.010006,9.382876,0.006903,-0.005640,-0.011427
2.499974,0.009991,9.358934,-0.017039,-0.005810,-0.011485
2.509959,0.009984,9.396044,0.020071,-0.005610,-0.011541
2.519947,0.009988,9.416395,0.040422,-0.005206,-0.011593
2.529937,0.009990,9.393650,0.017677,-0.005029,-0.011644
2.539937,0.010000,9.345766,-0.030207,-0.005331,-0.011697
2.549966,0.010029,9.398439,0.022466,-0.005106,-0.011748
2.559968,0.010002,9.364920,-0.011053,-0.005217,-0.011800
2.569949,0.009982,9.356540,-0.019433,-0.005411,-0.011854
2.579969,0.010020,9.366117,-0.009856,-0.005509,-0.011909
2.589980,0.010011,9.372102,-0.003871,-0.005548,-0.011965
2.599987,0.010007,9.384073,0.008100,-0.005467,-0.012020
2.609957,0.009969,9.369708,-0.006265,-0.005529,-0.012075
2.619999,0.010042,9.366117,-0.009856,-0.005628,-0.012131
2.629968,0.009969,9.367314,-0.008659,-0.005715,-0.012188
2.639978,0.010010,9.418789,0.042816,-0.005286,-0.012241
2.649986,0.010008,9.361328,-0.014645,-0.005433,-0.012296
2.659971,0.009985,9.374497,-0.001476,-0.005447,-0.012350
2.671124,0.011153,9.386468,0.010495,-0.005330,-0.012409
2.680089,0.008965,9.369708,-0.006265,-0.005387,-0.012458
2.690000,0.009912,9.363723,-0.012250,-0.005508,-0.012512
2.699954,0.009954,9.330204,-0.045769,-0.005964,-0.012572
2.709949,0.009995,9.355343,-0.020630,-0.006170,-0.012633
2.719979,0.010031,9.374497,-0.001476,-0.006185,-0.012695
2.729995,0.010016,9.391256,0.015283,-0.006032,-0.012756
2.739977,0.009982,9.409213,0.033240,-0.005700,-0.012813
2.749996,0.010018,9.387665,0.011692,-0.005583,-0.012869
2.759959,0.009964,9.431957,0.055984,-0.005025,-0.012919
2.769963,0.010004,9.352949,-0.023024,-0.005255,-0.012971
2.779968,0.010005,9.422381,0.046408,-0.004791,-0.013019
2.789973,0.010006,9.373299,-0.002673,-0.004818,-0.013067
2.799941,0.009968,9.360131,-0.015842,-0.004975,-0.013117
2.809967,0.010026,9.338584,-0.037389,-0.005350,-0.013171
2.819970,0.010003,9.378088,0.002115,-0.005329,-0.013224
2.830003,0.010033,9.390059,0.014086,-0.005188,-0.013276
2.839962,0.009959,9.352949,-0.023024,-0.005417,-0.013330
2.850164,0.010202,9.366117,-0.009856,-0.005518,-0.013386
2.859977,0.009813,9.356540,-0.019433,-0.005708,-0.013442
2.869986,0.010009,9.372102,-0.003871,-0.005747,-0.013500
2.879941,0.009955,9.387665,0.011692,-0.005631,-0.013556
2.889921,0.009980,9.414001,0.038028,-0.005251,-0.013608
2.899962,0.010041,9.419986,0.044013,-0.004809,-0.013656
2.910014,0.010052,9.428366,0.052393,-0.004283,-0.013700
2.920062,0.010048,9.382876,0.006903,-0.004213,-0.013742
2.930007,0.009945,9.396044,0.020071,-0.004014,-0.013782
2.939986,0.009979,9.356540,-0.019433,-0.004208,-0.013824
2.949960,0.009973,9.331401,-0.044572,-0.004652,-0.013870
2.960027,0.010068,9.402030,0.026057,-0.004390,-0.013914
2.969977,0.009949,9.417592,0.041619,-0.003976,-0.013954
2.980088,0.010111,9.398439,0.022466,-0.003749,-0.013992
2.990026,0.009938,9.408015,0.032042,-0.003430,-0.014026
2.999991,0.009965,9.394847,0.018874,-0.003242,-0.014058
3.009958,0.009967,9.385271,0.009298,-0.003149,-0.014090
3.019986,0.010028,9.399636,0.023663,-0.002912,-0.014119
3.030003,0.010017,9.372102,-0.003871,-0.002951,-0.014148
3.039965,0.009962,9.404424,0.028451,-0.002667,-0.014175
3.049994,0.010029,9.404424,0.028451,-0.002382,-0.014199
3.059978,0.009985,9.358934,-0.017039,-0.002552,-0.014224
3.069977,0.009999,9.357737,-0.018236,-0.002735,-0.014252
3.079978,0.010001,9.354146,-0.021827,-0.002953,-0.014281
3.090202,0.010224,9.357737,-0.018236,-0.003139,-0.014313
3.100051,0.009850,9.366117,-0.009856,-0.003236,-0.014345
3.109972,0.009921,9.358934,-0.017039,-0.003405,-0.014379
3.119971,0.009998,9.346963,-0.029010,-0.003695,-0.014416
3.129960,0.009990,9.392453,0.016480,-0.003531,-0.014451
3.139993,0.010032,9.380482,0.004509,-0.003486,-0.014486
3.149962,0.009969,9.332598,-0.043375,-0.003918,-0.014525
3.159986,0.010024,9.356540,-0.019433,-0.004113,-0.014566
3.169961,0.009975,9.348160,-0.027813,-0.004390,-0.014610
3.179950,0.009988,9.330204,-0.045769,-0.004847,-0.014659
3.190009,0.010059,9.372102,-0.003871,-0.004886,-0.014708
3.199963,0.009954,9.367314,-0.008659,-0.004972,-0.014757
3.209946,0.009983,9.406818,0.030845,-0.004665,-0.014804
3.219958,0.010012,9.381679,0.005706,-0.004607,-0.014850
3.229950,0.009992,9.418789,0.042816,-0.004180,-0.014892
3.239960,0.010010,9.422381,0.046408,-0.003715,-0.014929
3.249971,0.010011,9.361328,-0.014645,-0.003862,-0.014968
3.259963,0.009991,9.391256,0.015283,-0.003709,-0.015005
3.269950,0.009987,9.386468,0.010495,-0.003604,-0.015041
3.279944,0.009994,9.342175,-0.033798,-0.003942,-0.015080
3.289954,0.010010,9.369708,-0.006265,-0.004005,-0.015120
3.299945,0.009991,9.378088,0.002115,-0.003984,-0.015160
3.309941,0.009996,9.333795,-0.042178,-0.004405,-0.015204
3.319965,0.010024,9.387665,0.011692,-0.004288,-0.015247
3.329954,0.009989,9.349357,-0.026616,-0.004554,-0.015292
3.339955,0.010002,9.425972,0.049999,-0.004054,-0.015333
3.349966,0.010010,9.405621,0.029648,-0.003757,-0.015371
3.359987,0.010022,9.375694,-0.000279,-0.003760,-0.015408
3.369958,0.009971,9.351752,-0.024221,-0.004001,-0.015448
3.379945,0.009986,9.375694,-0.000279,-0.004004,-0.015488
3.389966,0.010021,9.338584,-0.037389,-0.004379,-0.015532
3.399941,0.009976,9.358934,-0.017039,-0.004549,-0.015577
3.409939,0.009998,9.357737,-0.018236,-0.004731,-0.015625
3.419936,0.009997,9.356540,-0.019433,-0.004925,-0.015674
3.429946,0.010010,9.374497,-0.001476,-0.004940,-0.015723
3.439972,0.010026,9.375694,-0.000279,-0.004943,-0.015773
3.449938,0.009966,9.412804,0.036831,-0.004576,-0.015819
3.459947,0.010009,9.410410,0.034437,-0.004231,-0.015861
3.469970,0.010024,9.388862,0.012889,-0.004102,-0.015902
3.479940,0.009970,9.414001,0.038028,-0.003723,-0.015939
3.490021,0.010080,9.364920,-0.011053,-0.003834,-0.015978
3.499965,0.009944,9.360131,-0.015842,-0.003992,-0.016017
3.509977,0.010012,9.369708,-0.006265,-0.004054,-0.016058
3.519951,0.009974,9.345766,-0.030207,-0.004356,-0.016102
3.529977,0.010026,9.358934,-0.017039,-0.004527,-0.016147
3.539951,0.009974,9.394847,0.018874,-0.004338,-0.016190
3.549987,0.010036,9.380482,0.004509,-0.004293,-0.016233
3.560070,0.010084,9.375694,-0.000279,-0.004296,-0.016277
3.570051,0.009981,9.329007,-0.046966,-0.004765,-0.016324
3.579953,0.009902,9.419986,0.044013,-0.004329,-0.016367
3.589977,0.010024,9.419986,0.044013,-0.003888,-0.016406
3.600151,0.010174,9.356540,-0.019433,-0.004085,-0.016448
3.609967,0.009816,9.363723,-0.012250,-0.004206,-0.016489
3.619966,0.009999,9.442731,0.066758,-0.003538,-0.016524
3.629946,0.009980,9.369708,-0.006265,-0.003601,-0.016560
3.639975,0.010029,9.370905,-0.005068,-0.003651,-0.016597
3.649962,0.009987,9.398439,0.022466,-0.003427,-0.016631
3.660005,0.010043,9.391256,0.015283,-0.003274,-0.016664
3.669998,0.009993,9.351752,-0.024221,-0.003516,-0.016699
3.679981,0.009983,9.410410,0.034437,-0.003172,-0.016731
3.689985,0.010004,9.403227,0.027254,-0.002899,-0.016760
3.699963,0.009978,9.412804,0.036831,-0.002532,-0.016785
3.709943,0.009980,9.368511,-0.007462,-0.002606,-0.016811
3.719966,0.010023,9.400833,0.024860,-0.002357,-0.016835
3.729935,0.009969,9.404424,0.028451,-0.002073,-0.016855
3.739941,0.010006,9.349357,-0.026616,-0.002340,-0.016879
3.749955,0.010014,9.323021,-0.052952,-0.002870,-0.016907
3.759993,0.010038,9.394847,0.018874,-0.002680,-0.016934
3.769922,0.009929,9.403227,0.027254,-0.002410,-0.016958
3.779954,0.010032,9.392453,0.016480,-0.002245,-0.016981
3.790034,0.010080,9.357737,-0.018236,-0.002428,-0.017005
3.799996,0.009963,9.374497,-0.001476,-0.002443,-0.017030
3.809965,0.009969,9.393650,0.017677,-0.002267,-0.017052
3.819975,0.010010,9.318233,-0.057740,-0.002845,-0.017081
3.829984,0.010009,9.379285,0.003312,-0.002812,-0.017109
3.840003,0.010019,9.360131,-0.015842,-0.002970,-0.017138
3.850012,0.010009,9.385271,0.009298,-0.002877,-0.017167
3.860006,0.009994,9.345766,-0.030207,-0.003179,-0.017199
3.869938,0.009931,9.379285,0.003312,-0.003146,-0.017230
3.879958,0.010020,9.354146,-0.021827,-0.003365,-0.017264
3.889971,0.010013,9.391256,0.015283,-0.003212,-0.017296
3.899935,0.009964,9.385271,0.009298,-0.003119,-0.017327
3.909931,0.009996,9.388862,0.012889,-0.002990,-0.017357
3.919968,0.010037,9.363723,-0.012250,-0.003113,-0.017388
3.929985,0.010017,9.348160,-0.027813,-0.003392,-0.017422
3.939952,0.009967,9.340978,-0.034995,-0.003741,-0.017460
3.949969,0.010017,9.325415,-0.050558,-0.004247,-0.017502
3.960061,0.010092,9.387665,0.011692,-0.004129,-0.017544
3.970003,0.009942,9.408015,0.032042,-0.003811,-0.017582
3.979959,0.009956,9.348160,-0.027813,-0.004088,-0.017622
3.990304,0.010344,9.295488,-0.080485,-0.004920,-0.017673
3.999964,0.009660,9.388862,0.012889,-0.004796,-0.017720
4.010018,0.010054,9.427169,0.051196,-0.004281,-0.017763
4.020002,0.009984,9.393650,0.017677,-0.004104,-0.017804
4.030011,0.010009,9.405621,0.029648,-0.003808,-0.017842
4.040015,0.010003,9.369708,-0.006265,-0.003870,-0.017881
4.050015,0.010001,9.394847,0.018874,-0.003682,-0.017917
4.060038,0.010023,9.423578,0.047605,-0.003204,-0.017949
4.070020,0.009981,9.441534,0.065561,-0.002550,-0.017975
4.080014,0.009994,9.362526,-0.013447,-0.002684,-0.018002
4.090210,0.010196,9.412804,0.036831,-0.002309,-0.018025
4.099997,0.009787,9.397242,0.021269,-0.002101,-0.018046
4.109992,0.009995,9.360131,-0.015842,-0.002259,-0.018068
4.119970,0.009978,9.333795,-0.042178,-0.002680,-0.018095
4.129963,0.009994,9.366117,-0.009856,-0.002778,-0.018123
4.139992,0.010029,9.408015,0.032042,-0.002457,-0.018148
4.149964,0.009972,9.455899,0.079926,-0.001660,-0.018164
4.159988,0.010023,9.423578,0.047605,-0.001183,-0.018176
4.169978,0.009990,9.423578,0.047605,-0.000707,-0.018183
4.179954,0.009976,9.405621,0.029648,-0.000412,-0.018187
4.189988,0.010034,9.387665,0.011692,-0.000294,-0.018190
4.199965,0.009977,9.399636,0.023663,-0.000058,-0.018191
4.209954,0.009989,9.375694,-0.000279,-0.000061,-0.018191
4.220026,0.010072,9.427169,0.051196,0.000455,-0.018187
4.229948,0.009922,9.340978,-0.034995,0.000108,-0.018186
4.240007,0.010059,9.419986,0.044013,0.000550,-0.018180
4.249961,0.009955,9.396044,0.020071,0.000750,-0.018173
4.259969,0.010008,9.369708,-0.006265,0.000687,-0.018166
4.269973,0.010003,9.356540,-0.019433,0.000493,-0.018161
4.279972,0.009999,9.412804,0.036831,0.000861,-0.018152
4.289965,0.009994,9.396044,0.020071,0.001062,-0.018142
4.299973,0.010008,9.369708,-0.006265,0.000999,-0.018132
4.309973,0.009999,9.374497,-0.001476,0.000984,-0.018122
4.319961,0.009989,9.382876,0.006903,0.001053,-0.018111
4.329947,0.009986,9.325415,-0.050558,0.000548,-0.018106
4.339996,0.010049,9.379285,0.003312,0.000582,-0.018100
4.350045,0.010049,9.397242,0.021269,0.000795,-0.018092
4.360051,0.010006,9.372102,-0.003871,0.000757,-0.018084
4.369981,0.009930,9.397242,0.021269,0.000968,-0.018075
4.379970,0.009989,9.336189,-0.039784,0.000571,-0.018069
4.389987,0.010017,9.380482,0.004509,0.000616,-0.018063
4.399974,0.009987,9.373299,-0.002673,0.000589,-0.018057
4.409989,0.010015,9.374497,-0.001476,0.000574,-0.018051
4.419991,0.010002,9.387665,0.011692,0.000691,-0.018044
4.429952,0.009961,9.387665,0.011692,0.000808,-0.018036
4.439994,0.010042,9.360131,-0.015842,0.000649,-0.018030
4.449945,0.009952,9.350555,-0.025418,0.000396,-0.018026
4.459943,0.009998,9.348160,-0.027813,0.000118,-0.018025
4.469969,0.010026,9.344569,-0.031404,-0.000197,-0.018027
4.479949,0.009980,9.369708,-0.006265,-0.000260,-0.018029
4.489971,0.010022,9.356540,-0.019433,-0.000455,-0.018034
4.499958,0.009987,9.384073,0.008100,-0.000374,-0.018038
4.509950,0.009992,9.366117,-0.009856,-0.000472,-0.018042
4.519953,0.010003,9.372102,-0.003871,-0.000511,-0.018047
4.529951,0.009998,9.336189,-0.039784,-0.000909,-0.018056
4.540005,0.010054,9.398439,0.022466,-0.000683,-0.018063
4.549959,0.009954,9.400833,0.024860,-0.000435,-0.018068
4.559981,0.010021,9.357737,-0.018236,-0.000618,-0.018074
4.569950,0.009969,9.403227,0.027254,-0.000346,-0.018077
4.579952,0.010002,9.372102,-0.003871,-0.000385,-0.018081
4.589965,0.010013,9.346963,-0.029010,-0.000676,-0.018088
4.599974,0.010009,9.386468,0.010495,-0.000570,-0.018094
4.609962,0.009988,9.393650,0.017677,-0.000394,-0.018098
4.619963,0.010001,9.397242,0.021269,-0.000181,-0.018099
4.629968,0.010005,9.396044,0.020071,0.000020,-0.018099
4.640006,0.010037,9.376891,0.000918,0.000029,-0.018099
4.649946,0.009941,9.314642,-0.061331,-0.000581,-0.018105
4.660032,0.010086,9.339781,-0.036192,-0.000946,-0.018114
4.669985,0.009953,9.387665,0.011692,-0.000829,-0.018122
4.679961,0.009976,9.346963,-0.029010,-0.001119,-0.018134
4.690001,0.010040,9.361328,-0.014645,-0.001266,-0.018146
4.699948,0.009947,9.396044,0.020071,-0.001066,-0.018157
4.709938,0.009991,9.381679,0.005706,-0.001009,-0.018167
4.719973,0.010035,9.388862,0.012889,-0.000880,-0.018176
4.729953,0.009980,9.356540,-0.019433,-0.001074,-0.018187
4.739997,0.010044,9.350555,-0.025418,-0.001329,-0.018200
4.749961,0.009964,9.400833,0.024860,-0.001081,-0.018211
4.760009,0.010048,9.398439,0.022466,-0.000856,-0.018219
4.769977,0.009968,9.402030,0.026057,-0.000596,-0.018225
4.779965,0.009988,9.361328,-0.014645,-0.000742,-0.018233
4.789966,0.010000,9.396044,0.020071,-0.000542,-0.018238
4.799940,0.009974,9.393650,0.017677,-0.000365,-0.018242
4.809967,0.010027,9.419986,0.044013,0.000076,-0.018241
4.819956,0.009989,9.355343,-0.020630,-0.000130,-0.018242
4.829965,0.010009,9.427169,0.051196,0.000382,-0.018238
4.839985,0.010020,9.369708,-0.006265,0.000320,-0.018235
4.849956,0.009971,9.363723,-0.012250,0.000198,-0.018233
4.859971,0.010015,9.386468,0.010495,0.000303,-0.018230
4.869970,0.009999,9.417592,0.041619,0.000719,-0.018223
4.879973,0.010004,9.472659,0.096686,0.001686,-0.018206
4.889946,0.009973,9.348160,-0.027813,0.001409,-0.018192
4.899976,0.010029,9.351752,-0.024221,0.001166,-0.018180
4.909942,0.009967,9.352949,-0.023024,0.000936,-0.018171
4.919955,0.010012,9.367314,-0.008659,0.000850,-0.018163
4.929952,0.009998,9.358934,-0.017039,0.000679,-0.018156
4.939985,0.010032,9.357737,-0.018236,0.000496,-0.018151
4.949988,0.010003,9.378088,0.002115,0.000517,-0.018146
4.959988,0.010000,9.421184,0.045211,0.000969,-0.018136
4.970020,0.010033,9.369708,-0.006265,0.000907,-0.018127
4.979963,0.009943,9.386468,0.010495,0.001011,-0.018117
4.989963,0.010000,9.355343,-0.020630,0.000805,-0.018109
4.999972,0.010009,9.364920,-0.011053,0.000694,-0.018102
5.009952,0.009979,9.361328,-0.014645,0.000548,-0.018096
5.020011,0.010059,9.369708,-0.006265,0.000485,-0.018091
5.029963,0.009952,9.367314,-0.008659,0.000399,-0.018087
5.040006,0.010044,9.381679,0.005706,0.000456,-0.018083
5.049962,0.009956,9.378088,0.002115,0.000477,-0.018078
5.059961,0.009999,9.343372,-0.032601,0.000151,-0.018077
5.069967,0.010006,9.361328,-0.014645,0.000005,-0.018077
5.079973,0.010005,9.358934,-0.017039,-0.000166,-0.018078
5.090164,0.010192,9.382876,0.006903,-0.000096,-0.018079
5.100028,0.009864,9.376891,0.000918,-0.000087,-0.018080
5.109968,0.009940,9.368511,-0.007462,-0.000161,-0.018082
5.119990,0.010022,9.422381,0.046408,0.000304,-0.018079
5.129971,0.009981,9.422381,0.046408,0.000768,-0.018071
5.139986,0.010015,9.348160,-0.027813,0.000489,-0.018066
5.149980,0.009994,9.427169,0.051196,0.001001,-0.018056
5.159948,0.009968,9.443928,0.067955,0.001678,-0.018039
5.169963,0.010015,9.410410,0.034437,0.002023,-0.018019
5.179955,0.009992,9.382876,0.006903,0.002092,-0.017998
5.189965,0.010009,9.369708,-0.006265,0.002029,-0.017978
5.199956,0.009992,9.361328,-0.014645,0.001883,-0.017959
5.209957,0.010001,9.382876,0.006903,0.001952,-0.017940
5.219965,0.010008,9.358934,-0.017039,0.001781,-0.017922
5.229963,0.009998,9.366117,-0.009856,0.001683,-0.017905
5.239999,0.010036,9.357737,-0.018236,0.001500,-0.017890
5.249951,0.009953,9.394847,0.018874,0.001688,-0.017873
5.259943,0.009992,9.384073,0.008100,0.001769,-0.017855
5.269963,0.010020,9.400833,0.024860,0.002018,-0.017835
5.279943,0.009980,9.396044,0.020071,0.002218,-0.017813
5.289958,0.010016,9.354146,-0.021827,0.001999,-0.017793
5.299974,0.010016,9.374497,-0.001476,0.001985,-0.017773
5.309971,0.009996,9.384073,0.008100,0.002066,-0.017752
5.320003,0.010032,9.364920,-0.011053,0.001955,-0.017733
5.329949,0.009946,9.327810,-0.048163,0.001476,-0.017718
5.340006,0.010056,9.367314,-0.008659,0.001389,-0.017704
5.349943,0.009938,9.370905,-0.005068,0.001338,-0.017691
5.359992,0.010049,9.427169,0.051196,0.001853,-0.017672
5.369952,0.009960,9.421184,0.045211,0.002303,-0.017649
5.379964,0.010012,9.399636,0.023663,0.002540,-0.017624
5.389955,0.009991,9.423578,0.047605,0.003016,-0.017594
5.399980,0.010025,9.391256,0.015283,0.003169,-0.017562
5.410080,0.010101,9.382876,0.006903,0.003238,-0.017529
5.420018,0.009937,9.330204,-0.045769,0.002784,-0.017502
5.429957,0.009940,9.408015,0.032042,0.003102,-0.017471
5.439993,0.010036,9.370905,-0.005068,0.003051,-0.017440
5.449970,0.009977,9.405621,0.029648,0.003347,-0.017407
5.459969,0.009999,9.376891,0.000918,0.003356,-0.017373
5.469965,0.009997,9.378088,0.002115,0.003377,-0.017339
5.479936,0.009970,9.416395,0.040422,0.003780,-0.017302
5.489966,0.010031,9.368511,-0.007462,0.003706,-0.017265
5.499945,0.009979,9.382876,0.006903,0.003774,-0.017227
5.509960,0.010015,9.339781,-0.036192,0.003412,-0.017193
5.519951,0.009991,9.430760,0.054787,0.003959,-0.017153
5.529973,0.010022,9.415198,0.039225,0.004352,-0.017110
5.539981,0.010008,9.381679,0.005706,0.004410,-0.017065
5.549943,0.009962,9.366117,-0.009856,0.004311,-0.017023
5.559970,0.010027,9.381679,0.005706,0.004369,-0.016979
5.569972,0.010002,9.421184,0.045211,0.004821,-0.016931
5.579971,0.009999,9.384073,0.008100,0.004902,-0.016881
5.589973,0.010003,9.384073,0.008100,0.004983,-0.016832
5.599967,0.009994,9.376891,0.000918,0.004992,-0.016782
5.609967,0.010000,9.396044,0.020071,0.005193,-0.016730
5.619977,0.010010,9.393650,0.017677,0.005370,-0.016676
5.629970,0.009992,9.404424,0.028451,0.005654,-0.016620
5.639986,0.010016,9.398439,0.022466,0.005879,-0.016561
5.649961,0.009975,9.376891,0.000918,0.005888,-0.016502
5.659966,0.010005,9.364920,-0.011053,0.005778,-0.016444
5.669945,0.009979,9.384073,0.008100,0.005858,-0.016386
5.679977,0.010032,9.410410,0.034437,0.006204,-0.016323
5.689980,0.010002,9.400833,0.024860,0.006453,-0.016259
5.699961,0.009981,9.338584,-0.037389,0.006079,-0.016198
5.709978,0.010017,9.384073,0.008100,0.006160,-0.016137
5.719965,0.009987,9.403227,0.027254,0.006433,-0.016072
5.729971,0.010005,9.380482,0.004509,0.006478,-0.016007
5.739993,0.010022,9.355343,-0.020630,0.006271,-0.015945
5.749945,0.009953,9.362526,-0.013447,0.006137,-0.015884
5.759972,0.010026,9.367314,-0.008659,0.006050,-0.015823
5.769978,0.010006,9.363723,-0.012250,0.005928,-0.015764
5.779958,0.009980,9.392453,0.016480,0.006092,-0.015703
5.789966,0.010008,9.366117,-0.009856,0.005994,-0.015643
5.799937,0.009971,9.345766,-0.030207,0.005692,-0.015586
5.809939,0.010002,9.412804,0.036831,0.006061,-0.015525
5.819947,0.010008,9.343372,-0.032601,0.005735,-0.015468
5.829946,0.009999,9.399636,0.023663,0.005971,-0.015408
5.839985,0.010039,9.388862,0.012889,0.006101,-0.015347
5.849941,0.009956,9.375694,-0.000279,0.006098,-0.015286
5.859978,0.010038,9.373299,-0.002673,0.006071,-0.015225
5.869976,0.009998,9.344569,-0.031404,0.005757,-0.015168
5.879973,0.009996,9.307459,-0.068514,0.005072,-0.015117
5.889980,0.010007,9.412804,0.036831,0.005441,-0.015063
5.899994,0.010014,9.370905,-0.005068,0.005390,-0.015009
5.909958,0.009964,9.343372,-0.032601,0.005065,-0.014958
5.919948,0.009990,9.406818,0.030845,0.005373,-0.014905
5.929960,0.010013,9.370905,-0.005068,0.005322,-0.014851
5.939988,0.010028,9.360131,-0.015842,0.005164,-0.014800
5.949994,0.010006,9.391256,0.015283,0.005316,-0.014746
5.960003,0.010009,9.358934,-0.017039,0.005146,-0.014695
5.969932,0.009929,9.379285,0.003312,0.005179,-0.014643
5.980060,0.010128,9.366117,-0.009856,0.005079,-0.014592
5.989972,0.009911,9.372102,-0.003871,0.005041,-0.014542
5.999969,0.009998,9.431957,0.055984,0.005600,-0.014486
6.009949,0.009980,9.384073,0.008100,0.005681,-0.014429
6.019982,0.010032,9.372102,-0.003871,0.005642,-0.014373
6.029993,0.010011,9.394847,0.018874,0.005831,-0.014314
6.039981,0.009989,9.380482,0.004509,0.005876,-0.014256
6.049936,0.009955,9.378088,0.002115,0.005897,-0.014197
6.059961,0.010025,9.399636,0.023663,0.006135,-0.014135
6.070058,0.010097,9.352949,-0.023024,0.005902,-0.014076
6.079929,0.009871,9.358934,-0.017039,0.005734,-0.014019
6.090155,0.010226,9.366117,-0.009856,0.005633,-0.013962
6.099962,0.009807,9.373299,-0.002673,0.005607,-0.013907
6.109963,0.010001,9.355343,-0.020630,0.005401,-0.013853
6.119984,0.010021,9.334992,-0.040981,0.004990,-0.013803
6.129984,0.010000,9.361328,-0.014645,0.004844,-0.013754
6.139977,0.009992,9.400833,0.024860,0.005092,-0.013703
6.149976,0.009999,9.356540,-0.019433,0.004898,-0.013654
6.159986,0.010010,9.402030,0.026057,0.005158,-0.013603
6.170016,0.010030,9.367314,-0.008659,0.005072,-0.013552
6.179974,0.009958,9.409213,0.033240,0.005403,-0.013498
6.189971,0.009997,9.337386,-0.038587,0.005017,-0.013448
6.199981,0.010010,9.385271,0.009298,0.005110,-0.013397
6.209973,0.009992,9.392453,0.016480,0.005275,-0.013344
6.219962,0.009989,9.354146,-0.021827,0.005057,-0.013294
6.229966,0.010005,9.362526,-0.013447,0.004922,-0.013244
6.239982,0.010015,9.387665,0.011692,0.005039,-0.013194
6.249991,0.010010,9.379285,0.003312,0.005072,-0.013143
6.259975,0.009984,9.408015,0.032042,0.005392,-0.013089
6.270012,0.010037,9.399636,0.023663,0.005630,-0.013033
6.279953,0.009941,9.397242,0.021269,0.005841,-0.012975
6.289961,0.010008,9.423578,0.047605,0.006318,-0.012911
6.299950,0.009989,9.418789,0.042816,0.006745,-0.012844
6.309951,0.010000,9.357737,-0.018236,0.006563,-0.012778
6.319973,0.010022,9.392453,0.016480,0.006728,-0.012711
6.329960,0.009987,9.352949,-0.023024,0.006498,-0.012646
6.339977,0.010017,9.390059,0.014086,0.006639,-0.012580
6.349963,0.009986,9.372102,-0.003871,0.006601,-0.012514
6.359973,0.010010,9.392453,0.016480,0.006766,-0.012446
6.370002,0.010029,9.357737,-0.018236,0.006583,-0.012380
6.379973,0.009971,9.424775,0.048802,0.007069,-0.012309
6.389971,0.009998,9.321824,-0.054149,0.006528,-0.012244
6.399977,0.010005,9.404424,0.028451,0.006813,-0.012176
6.409960,0.009983,9.342175,-0.033798,0.006475,-0.012111
6.420001,0.010041,9.428366,0.052393,0.007001,-0.012041
6.429975,0.009974,9.390059,0.014086,0.007142,-0.011970
6.439962,0.009987,9.408015,0.032042,0.007462,-0.011895
6.450000,0.010037,9.357737,-0.018236,0.007279,-0.011822
6.459972,0.009973,9.387665,0.011692,0.007395,-0.011748
6.469991,0.010019,9.346963,-0.029010,0.007105,-0.011677
6.479949,0.009958,9.373299,-0.002673,0.007078,-0.011607
6.489989,0.010040,9.381679,0.005706,0.007135,-0.011535
6.499992,0.010003,9.337386,-0.038587,0.006749,-0.011468
6.509972,0.009980,9.350555,-0.025418,0.006496,-0.011403
6.520000,0.010028,9.364920,-0.011053,0.006385,-0.011339
6.529963,0.009963,9.390059,0.014086,0.006525,-0.011274
6.539999,0.010037,9.402030,0.026057,0.006787,-0.011206
6.549959,0.009960,9.367314,-0.008659,0.006700,-0.011139
6.560084,0.010125,9.410410,0.034437,0.007049,-0.011068
6.570056,0.009972,9.370905,-0.005068,0.006999,-0.010998
6.580079,0.010022,9.416395,0.040422,0.007404,-0.010924
6.590003,0.009924,9.418789,0.042816,0.007829,-0.010846
6.600085,0.010082,9.374497,-0.001476,0.007814,-0.010767
6.609971,0.009886,9.325415,-0.050558,0.007314,-0.010695
6.619982,0.010011,9.386468,0.010495,0.007419,-0.010621
6.629961,0.009979,9.375694,-0.000279,0.007416,-0.010547
6.640019,0.010058,9.400833,0.024860,0.007666,-0.010469
6.649950,0.009931,9.422381,0.046408,0.008127,-0.010389
6.660001,0.010051,9.357737,-0.018236,0.007944,-0.010309
6.669966,0.009965,9.394847,0.018874,0.008132,-0.010228
6.679986,0.010020,9.321824,-0.054149,0.007589,-0.010152
6.690035,0.010049,9.417592,0.041619,0.008008,-0.010071
6.699997,0.009962,9.406818,0.030845,0.008315,-0.009989
6.709942,0.009945,9.373299,-0.002673,0.008288,-0.009906
6.719996,0.010055,9.386468,0.010495,0.008394,-0.009822
6.729950,0.009954,9.394847,0.018874,0.008582,-0.009736
6.739998,0.010048,9.388862,0.012889,0.008711,-0.009649
6.749991,0.009993,9.396044,0.020071,0.008912,-0.009560
6.760017,0.010026,9.315839,-0.060134,0.008309,-0.009476
6.770040,0.010023,9.334992,-0.040981,0.007898,-0.009397
6.780099,0.010058,9.404424,0.028451,0.008184,-0.009315
6.789955,0.009856,9.357737,-0.018236,0.008004,-0.009236
6.799994,0.010039,9.396044,0.020071,0.008206,-0.009154
6.809951,0.009957,9.411607,0.035634,0.008561,-0.009068
6.820000,0.010049,9.404424,0.028451,0.008847,-0.008979
6.829949,0.009949,9.422381,0.046408,0.009308,-0.008887
6.840027,0.010078,9.396044,0.020071,0.009511,-0.008791
6.849982,0.009954,9.367314,-0.008659,0.009424,-0.008697
6.860415,0.010433,9.346963,-0.029010,0.009122,-0.008602
6.870639,0.010224,9.337386,-0.038587,0.008727,-0.008513
6.880061,0.009422,9.379285,0.003312,0.008759,-0.008430
6.889981,0.009920,9.337386,-0.038587,0.008376,-0.008347
6.900008,0.010028,9.357737,-0.018236,0.008193,-0.008265
6.909971,0.009962,9.376891,0.000918,0.008202,-0.008183
6.919991,0.010021,9.393650,0.017677,0.008379,-0.008099
6.929965,0.009973,9.386468,0.010495,0.008484,-0.008015
6.939987,0.010022,9.397242,0.021269,0.008697,-0.007928
6.950003,0.010017,9.356540,-0.019433,0.008502,-0.007842
6.960001,0.009998,9.380482,0.004509,0.008547,-0.007757
6.969975,0.009973,9.386468,0.010495,0.008652,-0.007671
6.980007,0.010033,9.391256,0.015283,0.008805,-0.007582
6.989976,0.009969,9.382876,0.006903,0.008874,-0.007494
7.000015,0.010039,9.361328,-0.014645,0.008727,-0.007406
7.009978,0.009962,9.370905,-0.005068,0.008677,-0.007320
7.019998,0.010020,9.392453,0.016480,0.008842,-0.007231
7.029971,0.009973,9.354146,-0.021827,0.008624,-0.007145
7.039999,0.010028,9.357737,-0.018236,0.008441,-0.007061
7.049996,0.009997,9.344569,-0.031404,0.008127,-0.006979
7.059979,0.009983,9.378088,0.002115,0.008148,-0.006898
7.070439,0.010460,9.396044,0.020071,0.008358,-0.006811
7.080005,0.009566,9.428366,0.052393,0.008860,-0.006726
7.090306,0.010301,9.362526,-0.013447,0.008721,-0.006636
7.100010,0.009704,9.409213,0.033240,0.009044,-0.006548
7.109991,0.009981,9.409213,0.033240,0.009375,-0.006455
7.119975,0.009984,9.384073,0.008100,0.009456,-0.006360
7.129954,0.009979,9.421184,0.045211,0.009907,-0.006261
7.139963,0.010009,9.386468,0.010495,0.010012,-0.006161
7.149997,0.010034,9.373299,-0.002673,0.009986,-0.006061
7.159991,0.009994,9.390059,0.014086,0.010126,-0.005960
7.169961,0.009971,9.388862,0.012889,0.010255,-0.005857
7.179951,0.009990,9.404424,0.028451,0.010539,-0.005752
7.189972,0.010021,9.352949,-0.023024,0.010308,-0.005649
7.199972,0.010000,9.366117,-0.009856,0.010210,-0.005547
7.209953,0.009981,9.379285,0.003312,0.010243,-0.005445
7.219967,0.010014,9.363723,-0.012250,0.010120,-0.005343
7.229965,0.009998,9.356540,-0.019433,0.009926,-0.005244
7.240058,0.010092,9.398439,0.022466,0.010153,-0.005142
7.250023,0.009965,9.386468,0.010495,0.010257,-0.005039
7.259972,0.009949,9.355343,-0.020630,0.010052,-0.004939
7.269957,0.009985,9.406818,0.030845,0.010360,-0.004836
7.279968,0.010011,9.357737,-0.018236,0.010177,-0.004734
7.289975,0.010007,9.404424,0.028451,0.010462,-0.004629
7.299972,0.009997,9.382876,0.006903,0.010531,-0.004524
7.310065,0.010093,9.345766,-0.030207,0.010226,-0.004421
7.320009,0.009944,9.317036,-0.058937,0.009640,-0.004325
7.329957,0.009948,9.368511,-0.007462,0.009566,-0.004230
7.339983,0.010026,9.387665,0.011692,0.009683,-0.004133
7.350094,0.010111,9.329007,-0.046966,0.009208,-0.004040
7.359995,0.009900,9.379285,0.003312,0.009241,-0.003948
7.369973,0.009979,9.387665,0.011692,0.009358,-0.003855
7.380009,0.010036,9.385271,0.009298,0.009451,-0.003760
7.389984,0.009975,9.378088,0.002115,0.009472,-0.003665
7.399983,0.009999,9.369708,-0.006265,0.009410,-0.003571
7.409961,0.009978,9.374497,-0.001476,0.009395,-0.003478
7.419997,0.010036,9.385271,0.009298,0.009488,-0.003382
7.429957,0.009960,9.392453,0.016480,0.009652,-0.003286
7.439992,0.010035,9.381679,0.005706,0.009710,-0.003189
7.449991,0.009999,9.313444,-0.062529,0.009084,-0.003098
7.459995,0.010005,9.360131,-0.015842,0.008926,-0.003009
7.469962,0.009967,9.380482,0.004509,0.008971,-0.002919
7.479984,0.010022,9.352949,-0.023024,0.008740,-0.002832
7.489976,0.009991,9.384073,0.008100,0.008821,-0.002743
7.499999,0.010023,9.380482,0.004509,0.008866,-0.002655
7.509970,0.009972,9.339781,-0.036192,0.008505,-0.002570
7.519997,0.010027,9.330204,-0.045769,0.008046,-0.002489
7.529960,0.009963,9.385271,0.009298,0.008139,-0.002408
7.539981,0.010021,9.346963,-0.029010,0.007848,-0.002329
7.549981,0.010000,9.409213,0.033240,0.008181,-0.002248
7.560096,0.010114,9.394847,0.018874,0.008372,-0.002163
7.569960,0.009864,9.356540,-0.019433,0.008180,-0.002082
7.580020,0.010060,9.356540,-0.019433,0.007984,-0.002002
7.589986,0.009966,9.375694,-0.000279,0.007982,-0.001922
7.600020,0.010034,9.358934,-0.017039,0.007811,-0.001844
7.609966,0.009946,9.355343,-0.020630,0.007605,-0.001768
7.620006,0.010040,9.400833,0.024860,0.007855,-0.001689
7.629950,0.009944,9.355343,-0.020630,0.007650,-0.001613
7.639997,0.010047,9.433155,0.057182,0.008224,-0.001531
7.650006,0.010010,9.378088,0.002115,0.008246,-0.001448
7.660005,0.009998,9.363723,-0.012250,0.008123,-0.001367
7.669971,0.009967,9.367314,-0.008659,0.008037,-0.001287
7.679999,0.010027,9.449914,0.073941,0.008778,-0.001199
7.690000,0.010001,9.370905,-0.005068,0.008727,-0.001112
7.699992,0.009992,9.373299,-0.002673,0.008701,-0.001025
7.709982,0.009990,9.363723,-0.012250,0.008578,-0.000939
7.720001,0.010019,9.412804,0.036831,0.008947,-0.000849
7.729948,0.009946,9.331401,-0.044572,0.008504,-0.000765
7.739976,0.010028,9.384073,0.008100,0.008585,-0.000679
7.749953,0.009977,9.388862,0.012889,0.008714,-0.000592
7.760001,0.010048,9.386468,0.010495,0.008819,-0.000503
7.769960,0.009959,9.410410,0.034437,0.009162,-0.000412
7.780023,0.010063,9.323021,-0.052952,0.008629,-0.000325
7.789970,0.009947,9.343372,-0.032601,0.008305,-0.000242
7.799977,0.010007,9.349357,-0.026616,0.008039,-0.000162
7.809960,0.009983,9.410410,0.034437,0.008383,-0.000078
7.819996,0.010036,9.410410,0.034437,0.008728,0.000009
7.829954,0.009958,9.374497,-0.001476,0.008714,0.000096
7.839983,0.010029,9.372102,-0.003871,0.008675,0.000183
7.850015,0.010032,9.348160,-0.027813,0.008396,0.000267
7.859993,0.009978,9.381679,0.005706,0.008453,0.000352
7.869979,0.009986,9.357737,-0.018236,0.008271,0.000434
7.880039,0.010060,9.331401,-0.044572,0.007822,0.000513
7.889957,0.009917,9.431957,0.055984,0.008377,0.000596
7.899967,0.010010,9.406818,0.030845,0.008686,0.000683
7.909982,0.010015,9.388862,0.012889,0.008815,0.000771
7.919978,0.009996,9.378088,0.002115,0.008836,0.000860
7.929960,0.009982,9.404424,0.028451,0.009120,0.000951
7.939976,0.010015,9.363723,-0.012250,0.008998,0.001041
7.949955,0.009979,9.330204,-0.045769,0.008541,0.001126
7.959982,0.010027,9.373299,-0.002673,0.008514,0.001211
7.970010,0.010028,9.373299,-0.002673,0.008487,0.001296
7.979999,0.009989,9.393650,0.017677,0.008664,0.001383
7.989970,0.009972,9.392453,0.016480,0.008828,0.001471
7.999993,0.010023,9.380482,0.004509,0.008873,0.001560
8.009954,0.009961,9.430760,0.054787,0.009419,0.001654
8.020010,0.010055,9.361328,-0.014645,0.009272,0.001747
8.030219,0.010210,9.405621,0.029648,0.009575,0.001845
8.040109,0.009890,9.398439,0.022466,0.009797,0.001942
8.050054,0.009945,9.368511,-0.007462,0.009723,0.002038
8.060018,0.009964,9.392453,0.016480,0.009887,0.002137
8.069987,0.009969,9.360131,-0.015842,0.009729,0.002234
8.079993,0.010006,9.405621,0.029648,0.010026,0.002334
8.090424,0.010430,9.381679,0.005706,0.010085,0.002439
8.100179,0.009756,9.376891,0.000918,0.010094,0.002538
8.110073,0.009893,9.366117,-0.009856,0.009996,0.002637
8.120038,0.009965,9.357737,-0.018236,0.009815,0.002735
8.130028,0.009990,9.402030,0.026057,0.010075,0.002835
8.140000,0.009972,9.387665,0.011692,0.010192,0.002937
8.150388,0.010389,9.357737,-0.018236,0.010002,0.003041
8.160121,0.009733,9.414001,0.038028,0.010372,0.003142
8.169995,0.009874,9.388862,0.012889,0.010500,0.003245
8.179970,0.009974,9.367314,-0.008659,0.010413,0.003349
8.190129,0.010159,9.360131,-0.015842,0.010252,0.003453
8.200005,0.009876,9.372102,-0.003871,0.010214,0.003554
8.209988,0.009984,9.430760,0.054787,0.010761,0.003662
8.220022,0.010033,9.375694,-0.000279,0.010758,0.003770
8.229985,0.009964,9.398439,0.022466,0.010982,0.003879
8.240121,0.010136,9.366117,-0.009856,0.010882,0.003989
8.250060,0.009939,9.390059,0.014086,0.011022,0.004099
8.260235,0.010175,9.368511,-0.007462,0.010946,0.004210
8.269969,0.009735,9.351752,-0.024221,0.010710,0.004315
8.279971,0.010002,9.384073,0.008100,0.010791,0.004422
8.290075,0.010104,9.363723,-0.012250,0.010668,0.004530
8.299986,0.009911,9.388862,0.012889,0.010795,0.004637
8.309993,0.010007,9.367314,-0.008659,0.010709,0.004744
8.320008,0.010015,9.415198,0.039225,0.011102,0.004856
8.329957,0.009949,9.436746,0.060773,0.011706,0.004972
8.339996,0.010039,9.414001,0.038028,0.012088,0.005093
8.350037,0.010041,9.378088,0.002115,0.012109,0.005215
8.360028,0.009991,9.405621,0.029648,0.012405,0.005339
8.369998,0.009970,9.342175,-0.033798,0.012069,0.005459
8.379994,0.009996,9.350555,-0.025418,0.011814,0.005577
8.390067,0.010073,9.386468,0.010495,0.011920,0.005697
8.400012,0.009945,9.350555,-0.025418,0.011667,0.005813
8.410412,0.010400,9.361328,-0.014645,0.011515,0.005933
8.420104,0.009692,9.399636,0.023663,0.011744,0.006047
8.430093,0.009989,9.402030,0.026057,0.012005,0.006167
8.440006,0.009913,9.330204,-0.045769,0.011551,0.006281
8.450015,0.010008,9.380482,0.004509,0.011596,0.006398
8.460008,0.009993,9.349357,-0.026616,0.011330,0.006511
8.469978,0.009970,9.338584,-0.037389,0.010957,0.006620
8.479991,0.010013,9.379285,0.003312,0.010991,0.006730
8.489993,0.010002,9.351752,-0.024221,0.010748,0.006838
8.500008,0.010015,9.385271,0.009298,0.010841,0.006946
8.509973,0.009965,9.388862,0.012889,0.010970,0.007055
8.520014,0.010042,9.356540,-0.019433,0.010775,0.007164
8.530110,0.010096,9.409213,0.033240,0.011110,0.007276
8.539980,0.009870,9.342175,-0.033798,0.010777,0.007382
8.550017,0.010037,9.356540,-0.019433,0.010582,0.007488
8.560036,0.010019,9.358934,-0.017039,0.010411,0.007593
8.569973,0.009937,9.384073,0.008100,0.010491,0.007697
8.579989,0.010016,9.382876,0.006903,0.010561,0.007803
8.590332,0.010343,9.385271,0.009298,0.010657,0.007913
8.599961,0.009629,9.360131,-0.015842,0.010504,0.008014
8.609961,0.010000,9.342175,-0.033798,0.010166,0.008116
8.619976,0.010015,9.375694,-0.000279,0.010163,0.008218
8.629971,0.009995,9.362526,-0.013447,0.010029,0.008318
8.639975,0.010004,9.362526,-0.013447,0.009894,0.008417
8.649988,0.010013,9.402030,0.026057,0.010155,0.008518
8.660009,0.010021,9.362526,-0.013447,0.010021,0.008619
8.669967,0.009957,9.402030,0.026057,0.010280,0.008721
8.679984,0.010017,9.398439,0.022466,0.010505,0.008826
8.690014,0.010030,9.376891,0.000918,0.010514,0.008932
8.699977,0.009964,9.362526,-0.013447,0.010380,0.009035
8.710016,0.010038,9.312247,-0.063726,0.009741,0.009133
8.720047,0.010031,9.396044,0.020071,0.009942,0.009233
8.730181,0.010134,9.354146,-0.021827,0.009721,0.009331
8.740060,0.009880,9.423578,0.047605,0.010191,0.009432
8.750005,0.009945,9.370905,-0.005068,0.010141,0.009533
8.759983,0.009978,9.415198,0.039225,0.010532,0.009638
8.770009,0.010026,9.351752,-0.024221,0.010289,0.009741
8.780018,0.010009,9.391256,0.015283,0.010442,0.009846
8.790025,0.010007,9.381679,0.005706,0.010499,0.009951
8.800040,0.010015,9.343372,-0.032601,0.010173,0.010053
8.810016,0.009976,9.380482,0.004509,0.010218,0.010155
8.819975,0.009959,9.408015,0.032042,0.010537,0.010259
8.830005,0.010031,9.398439,0.022466,0.010762,0.010367
8.840036,0.010031,9.409213,0.033240,0.011096,0.010479
8.850518,0.010482,9.429563,0.053590,0.011657,0.010601
8.860006,0.009488,9.366117,-0.009856,0.011564,0.010711
8.870092,0.010086,9.340978,-0.034995,0.011211,0.010824
8.880089,0.009997,9.397242,0.021269,0.011423,0.010938
8.890044,0.009954,9.369708,-0.006265,0.011361,0.011051
8.900002,0.009959,9.405621,0.029648,0.011656,0.011167
8.909999,0.009997,9.387665,0.011692,0.011773,0.011285
8.919997,0.009998,9.394847,0.018874,0.011962,0.011404
8.930014,0.010017,9.388862,0.012889,0.012091,0.011525
8.940006,0.009992,9.360131,-0.015842,0.011933,0.011645
8.950014,0.010008,9.356540,-0.019433,0.011738,0.011762
8.960004,0.009989,9.409213,0.033240,0.012070,0.011883
8.970013,0.010009,9.364920,-0.011053,0.011960,0.012002
8.980096,0.010083,9.384073,0.008100,0.012041,0.012124
8.990027,0.009932,9.378088,0.002115,0.012062,0.012244
8.999993,0.009965,9.388862,0.012889,0.012191,0.012365
9.010008,0.010015,9.422381,0.046408,0.012656,0.012492
9.020014,0.010006,9.380482,0.004509,0.012701,0.012619
9.030012,0.009999,9.362526,-0.013447,0.012566,0.012745
9.039995,0.009982,9.378088,0.002115,0.012587,0.012870
9.050078,0.010083,9.342175,-0.033798,0.012247,0.012994
9.059982,0.009903,9.374497,-0.001476,0.012232,0.013115
9.069977,0.009996,9.374497,-0.001476,0.012217,0.013237
9.079951,0.009974,9.397242,0.021269,0.012429,0.013361
9.090446,0.010494,9.406818,0.030845,0.012753,0.013495
9.100087,0.009642,9.400833,0.024860,0.012993,0.013620
9.109992,0.009904,9.379285,0.003312,0.013026,0.013749
9.119990,0.009998,9.380482,0.004509,0.013071,0.013880
9.129972,0.009983,9.393650,0.017677,0.013247,0.014012
9.140047,0.010074,9.344569,-0.031404,0.012931,0.014142
9.149970,0.009923,9.385271,0.009298,0.013023,0.014272
9.159987,0.010017,9.410410,0.034437,0.013368,0.014405
9.169940,0.009953,9.342175,-0.033798,0.013032,0.014535
9.179946,0.010006,9.372102,-0.003871,0.012993,0.014665
9.189972,0.010026,9.369708,-0.006265,0.012930,0.014795
9.199955,0.009983,9.361328,-0.014645,0.012784,0.014922
9.209943,0.009989,9.366117,-0.009856,0.012685,0.015049
9.219976,0.010033,9.386468,0.010495,0.012791,0.015177
9.229952,0.009976,9.373299,-0.002673,0.012764,0.015305
9.240013,0.010061,9.390059,0.014086,0.012906,0.015435
9.250001,0.009988,9.344569,-0.031404,0.012592,0.015560
9.259992,0.009991,9.392453,0.016480,0.012757,0.015688
9.269969,0.009977,9.381679,0.005706,0.012814,0.015816
9.279943,0.009974,9.312247,-0.063726,0.012178,0.015937
9.289953,0.010010,9.360131,-0.015842,0.012019,0.016057
9.299967,0.010014,9.396044,0.020071,0.012220,0.016180
9.309944,0.009978,9.415198,0.039225,0.012612,0.016306
9.319960,0.010016,9.392453,0.016480,0.012777,0.016434
9.329973,0.010013,9.361328,-0.014645,0.012630,0.016560
9.340048,0.010076,9.388862,0.012889,0.012760,0.016689
9.349982,0.009933,9.375694,-0.000279,0.012757,0.016815
9.359959,0.009977,9.379285,0.003312,0.012790,0.016943
9.369967,0.010008,9.325415,-0.050558,0.012284,0.017066
9.379941,0.009974,9.374497,-0.001476,0.012270,0.017188
9.389951,0.010010,9.375694,-0.000279,0.012267,0.017311
9.399977,0.010026,9.403227,0.027254,0.012540,0.017437
9.409938,0.009961,9.405621,0.029648,0.012835,0.017565
9.419969,0.010031,9.380482,0.004509,0.012881,0.017694
9.429957,0.009988,9.337386,-0.038587,0.012495,0.017819
9.439995,0.010038,9.387665,0.011692,0.012613,0.017945
9.450000,0.010006,9.399636,0.023663,0.012849,0.018074
9.459944,0.009943,9.327810,-0.048163,0.012370,0.018197
9.469980,0.010037,9.409213,0.033240,0.012704,0.018324
9.479965,0.009984,9.373299,-0.002673,0.012677,0.018451
9.489955,0.009990,9.380482,0.004509,0.012722,0.018578
9.499977,0.010022,9.409213,0.033240,0.013056,0.018709
9.509956,0.009979,9.388862,0.012889,0.013184,0.018840
9.519989,0.010033,9.381679,0.005706,0.013241,0.018973
9.529963,0.009974,9.364920,-0.011053,0.013131,0.019104
9.539955,0.009992,9.397242,0.021269,0.013344,0.019238
9.549961,0.010006,9.372102,-0.003871,0.013305,0.019371
9.559956,0.009995,9.367314,-0.008659,0.013218,0.019503
9.569995,0.010039,9.403227,0.027254,0.013492,0.019638
9.579972,0.009977,9.388862,0.012889,0.013621,0.019774
9.589963,0.009990,9.406818,0.030845,0.013929,0.019913
9.600057,0.010095,9.393650,0.017677,0.014107,0.020056
9.609957,0.009899,9.385271,0.009298,0.014199,0.020196
9.619977,0.010020,9.309853,-0.066120,0.013537,0.020332
9.629978,0.010001,9.375694,-0.000279,0.013534,0.020467
9.639997,0.010019,9.387665,0.011692,0.013651,0.020604
9.650020,0.010023,9.379285,0.003312,0.013684,0.020741
9.660229,0.010209,9.373299,-0.002673,0.013657,0.020881
9.670039,0.009810,9.352949,-0.023024,0.013431,0.021012
9.680015,0.009976,9.373299,-0.002673,0.013404,0.021146
9.689986,0.009971,9.405621,0.029648,0.013700,0.021283
9.699972,0.009986,9.404424,0.028451,0.013984,0.021422
9.709941,0.009969,9.390059,0.014086,0.014125,0.021563
9.720000,0.010058,9.390059,0.014086,0.014266,0.021707
9.729955,0.009956,9.378088,0.002115,0.014287,0.021849
9.739947,0.009991,9.397242,0.021269,0.014500,0.021994
9.749949,0.010003,9.386468,0.010495,0.014605,0.022140
9.759961,0.010011,9.368511,-0.007462,0.014530,0.022285
9.769952,0.009992,9.372102,-0.003871,0.014491,0.022430
9.779967,0.010015,9.333795,-0.042178,0.014069,0.022571
9.789996,0.010029,9.394847,0.018874,0.014258,0.022714
9.800036,0.010040,9.367314,-0.008659,0.014171,0.022856
9.810027,0.009991,9.410410,0.034437,0.014515,0.023001
9.820020,0.009993,9.398439,0.022466,0.014740,0.023149
9.830023,0.010003,9.441534,0.065561,0.015396,0.023303
9.840032,0.010009,9.358934,-0.017039,0.015225,0.023455
9.850014,0.009982,9.412804,0.036831,0.015593,0.023611
9.860018,0.010003,9.362526,-0.013447,0.015458,0.023765
9.869975,0.009958,9.387665,0.011692,0.015575,0.023920
9.880030,0.010055,9.354146,-0.021827,0.015355,0.024075
9.890002,0.009972,9.415198,0.039225,0.015746,0.024232
9.900003,0.010001,9.411607,0.035634,0.016103,0.024393
9.909962,0.009959,9.367314,-0.008659,0.016017,0.024552
9.919997,0.010035,9.399636,0.023663,0.016254,0.024716
9.929964,0.009967,9.380482,0.004509,0.016299,0.024878
9.939991,0.010027,9.372102,-0.003871,0.016260,0.025041
9.949939,0.009948,9.376891,0.000918,0.016269,0.025203
9.960010,0.010071,9.334992,-0.040981,0.015857,0.025363
9.969963,0.009953,9.385271,0.009298,0.015949,0.025521
9.980034,0.010071,9.350555,-0.025418,0.015693,0.025679
9.990021,0.009988,9.343372,-0.032601,0.015368,0.025833
9.999984,0.009963,9.385271,0.009298,0.015460,0.025987
10.009943,0.009959,9.338584,-0.037389,0.015088,0.026137
10.020004,0.010061,9.356540,-0.019433,0.014892,0.026287
10.029948,0.009944,9.343372,-0.032601,0.014568,0.026432
10.039991,0.010043,9.386468,0.010495,0.014674,0.026579
10.049987,0.009995,9.404424,0.028451,0.014958,0.026729
10.059997,0.010010,9.351752,-0.024221,0.014715,0.026876
10.069985,0.009988,9.386468,0.010495,0.014820,0.027024
10.080011,0.010026,9.392453,0.016480,0.014985,0.027174
10.090216,0.010206,9.414001,0.038028,0.015374,0.027331
10.101359,0.011143,9.403227,0.027254,0.015677,0.027506
10.111403,0.010044,9.368511,-0.007462,0.015602,0.027663
10.120200,0.008796,9.364920,-0.011053,0.015505,0.027799
10.130034,0.009834,9.356540,-0.019433,0.015314,0.027950
10.139973,0.009939,9.410410,0.034437,0.015656,0.028105
10.150038,0.010064,9.354146,-0.021827,0.015437,0.028261
10.159967,0.009929,9.363723,-0.012250,0.015315,0.028413
10.170017,0.010050,9.397242,0.021269,0.015529,0.028569
10.179997,0.009979,9.396044,0.020071,0.015729,0.028726
10.190027,0.010031,9.396044,0.020071,0.015930,0.028885
10.200001,0.009974,9.372102,-0.003871,0.015892,0.029044
10.210028,0.010027,9.418789,0.042816,0.016321,0.029208
10.219990,0.009962,9.440337,0.064364,0.016962,0.029377
10.230034,0.010043,9.345766,-0.030207,0.016659,0.029544
10.240006,0.009973,9.348160,-0.027813,0.016382,0.029707
10.250022,0.010015,9.362526,-0.013447,0.016247,0.029870
10.259953,0.009931,9.364920,-0.011053,0.016137,0.030030
10.270010,0.010057,9.327810,-0.048163,0.015653,0.030188
10.279978,0.009968,9.382876,0.006903,0.015722,0.030344
10.290026,0.010048,9.424775,0.048802,0.016212,0.030507
10.299963,0.009936,9.424775,0.048802,0.016697,0.030673
10.310017,0.010054,9.356540,-0.019433,0.016501,0.030839
10.319967,0.009950,9.349357,-0.026616,0.016237,0.031001
10.330014,0.010047,9.349357,-0.026616,0.015969,0.031161
10.339984,0.009970,9.393650,0.017677,0.016145,0.031322
10.350070,0.010087,9.350555,-0.025418,0.015889,0.031482
10.359957,0.009887,9.352949,-0.023024,0.015661,0.031637
10.370013,0.010055,9.333795,-0.042178,0.015237,0.031790
10.380021,0.010009,9.406818,0.030845,0.015546,0.031946
10.390037,0.010016,9.370905,-0.005068,0.015495,0.032101
10.399986,0.009949,9.427169,0.051196,0.016005,0.032260
10.410074,0.010089,9.360131,-0.015842,0.015845,0.032420
10.420252,0.010178,9.336189,-0.039784,0.015440,0.032577
10.430079,0.009827,9.415198,0.039225,0.015825,0.032733
10.439983,0.009904,9.415198,0.039225,0.016214,0.032893
10.450038,0.010055,9.352949,-0.023024,0.015982,0.033054
10.459977,0.009939,9.409213,0.033240,0.016313,0.033216
10.470011,0.010035,9.423578,0.047605,0.016790,0.033385
10.479944,0.009933,9.391256,0.015283,0.016942,0.033553
10.490010,0.010066,9.362526,-0.013447,0.016807,0.033722
10.499965,0.009956,9.369708,-0.006265,0.016744,0.033889
10.510007,0.010042,9.348160,-0.027813,0.016465,0.034054
10.519965,0.009958,9.326613,-0.049360,0.015974,0.034213
10.529999,0.010033,9.358934,-0.017039,0.015803,0.034372
10.539964,0.009966,9.417592,0.041619,0.016217,0.034533
10.549995,0.010031,9.422381,0.046408,0.016683,0.034701
10.560018,0.010024,9.387665,0.011692,0.016800,0.034869
10.570031,0.010013,9.404424,0.028451,0.017085,0.035040
10.579946,0.009914,9.361328,-0.014645,0.016940,0.035208
10.590011,0.010066,9.387665,0.011692,0.017057,0.035380
10.599969,0.009958,9.415198,0.039225,0.017448,0.035554
10.610004,0.010035,9.387665,0.011692,0.017565,0.035730
10.619981,0.009977,9.396044,0.020071,0.017766,0.035907
10.630008,0.010026,9.406818,0.030845,0.018075,0.036088
10.639997,0.009990,9.435549,0.059576,0.018670,0.036275
10.650007,0.010009,9.368511,-0.007462,0.018595,0.036461
10.660031,0.010025,9.378088,0.002115,0.018617,0.036648
10.670023,0.009992,9.363723,-0.012250,0.018494,0.036832
10.679962,0.009939,9.360131,-0.015842,0.018337,0.037015
10.690019,0.010058,9.342175,-0.033798,0.017997,0.037196
10.699964,0.009944,9.381679,0.005706,0.018054,0.037375
10.710004,0.010041,9.356540,-0.019433,0.017858,0.037555
10.720010,0.010006,9.385271,0.009298,0.017951,0.037734
10.730066,0.010056,9.345766,-0.030207,0.017648,0.037912
10.740046,0.009980,9.386468,0.010495,0.017752,0.038089
10.750050,0.010004,9.421184,0.045211,0.018205,0.038271
10.760038,0.009988,9.363723,-0.012250,0.018082,0.038452
10.770129,0.010092,9.345766,-0.030207,0.017777,0.038631
10.780073,0.009944,9.356540,-0.019433,0.017584,0.038806
10.790158,0.010085,9.363723,-0.012250,0.017461,0.038982
10.800007,0.009848,9.412804,0.036831,0.017823,0.039157
10.809994,0.009987,9.404424,0.028451,0.018108,0.039338
10.819992,0.009999,9.368511,-0.007462,0.018033,0.039519
10.830344,0.010352,9.350555,-0.025418,0.017770,0.039703
10.840377,0.010032,9.323021,-0.052952,0.017239,0.039875
10.850108,0.009731,9.379285,0.003312,0.017271,0.040044
10.860116,0.010009,9.384073,0.008100,0.017352,0.040217
10.870034,0.009917,9.373299,-0.002673,0.017325,0.040389
10.880065,0.010031,9.381679,0.005706,0.017383,0.040563
10.890139,0.010075,9.394847,0.018874,0.017573,0.040740
10.900064,0.009925,9.427169,0.051196,0.018081,0.040920
10.910014,0.009950,9.321824,-0.054149,0.017542,0.041094
10.920048,0.010034,9.356540,-0.019433,0.017347,0.041268
10.930006,0.009958,9.302671,-0.073302,0.016617,0.041434
10.940044,0.010038,9.338584,-0.037389,0.016242,0.041597
10.949989,0.009944,9.332598,-0.043375,0.015811,0.041754
10.960052,0.010063,9.382876,0.006903,0.015880,0.041914
10.970366,0.010314,9.329007,-0.046966,0.015396,0.042073
10.980115,0.009749,9.374497,-0.001476,0.015381,0.042223
10.990139,0.010024,9.360131,-0.015842,0.015222,0.042375
11.000075,0.009936,9.346963,-0.029010,0.014934,0.042524
11.010000,0.009926,9.323021,-0.052952,0.014409,0.042667
11.020062,0.010062,9.422381,0.046408,0.014876,0.042816
11.030024,0.009961,9.387665,0.011692,0.014992,0.042966
11.040044,0.010021,9.403227,0.027254,0.015265,0.043119
11.050051,0.010007,9.409213,0.033240,0.015598,0.043275
11.060038,0.009986,9.406818,0.030845,0.015906,0.043434
11.070008,0.009970,9.358934,-0.017039,0.015736,0.043591
11.080060,0.010053,9.392453,0.016480,0.015902,0.043750
11.090271,0.010211,9.369708,-0.006265,0.015838,0.043912
11.100266,0.009995,9.346963,-0.029010,0.015548,0.044068
11.110135,0.009869,9.374497,-0.001476,0.015533,0.044221
11.120080,0.009945,9.388862,0.012889,0.015661,0.044377
11.130001,0.009921,9.352949,-0.023024,0.015433,0.044530
11.139980,0.009979,9.411607,0.035634,0.015788,0.044687
11.150268,0.010288,9.381679,0.005706,0.015847,0.044850
11.159998,0.009730,9.406818,0.030845,0.016147,0.045007
11.170003,0.010005,9.366117,-0.009856,0.016049,0.045168
11.180048,0.010046,9.363723,-0.012250,0.015926,0.045328
11.190051,0.010003,9.392453,0.016480,0.016090,0.045489
11.200014,0.009963,9.417592,0.041619,0.016505,0.045653
11.209966,0.009952,9.354146,-0.021827,0.016288,0.045815
11.219981,0.010015,9.385271,0.009298,0.016381,0.045979
11.229982,0.010001,9.350555,-0.025418,0.016127,0.046141
11.239995,0.010013,9.372102,-0.003871,0.016088,0.046302
11.249974,0.009979,9.345766,-0.030207,0.015787,0.046459
11.259973,0.009999,9.398439,0.022466,0.016011,0.046619
11.269957,0.009985,9.366117,-0.009856,0.015913,0.046778
11.279973,0.010016,9.400833,0.024860,0.016162,0.046940
11.290075,0.010102,9.382876,0.006903,0.016232,0.047104
11.300019,0.009944,9.392453,0.016480,0.016395,0.047267
11.309976,0.009957,9.384073,0.008100,0.016476,0.047431
11.320012,0.010036,9.381679,0.005706,0.016533,0.047597
11.329960,0.009948,9.363723,-0.012250,0.016411,0.047760
11.339990,0.010030,9.368511,-0.007462,0.016337,0.047924
11.350042,0.010052,9.364920,-0.011053,0.016226,0.048087
11.359990,0.009948,9.379285,0.003312,0.016258,0.048249
11.369997,0.010007,9.387665,0.011692,0.016375,0.048413
11.380042,0.010045,9.378088,0.002115,0.016397,0.048578
11.390061,0.010020,9.350555,-0.025418,0.016142,0.048739
11.400014,0.009953,9.357737,-0.018236,0.015961,0.048898
11.410198,0.010184,9.390059,0.014086,0.016104,0.049062
11.420106,0.009908,9.350555,-0.025418,0.015852,0.049219
11.430006,0.009899,9.398439,0.022466,0.016075,0.049379
11.439989,0.009983,9.376891,0.000918,0.016084,0.049539
11.449998,0.010009,9.398439,0.022466,0.016309,0.049702
11.459978,0.009980,9.399636,0.023663,0.016545,0.049867
11.469970,0.009992,9.375694,-0.000279,0.016542,0.050033
11.479986,0.010015,9.370905,-0.005068,0.016491,0.050198
11.490070,0.010084,9.332598,-0.043375,0.016054,0.050360
11.500023,0.009953,9.390059,0.014086,0.016194,0.050521
11.509975,0.009953,9.451111,0.075138,0.016942,0.050690
11.520034,0.010058,9.399636,0.023663,0.017180,0.050862
11.530042,0.010009,9.408015,0.032042,0.017500,0.051038
11.540004,0.009961,9.416395,0.040422,0.017903,0.051216
11.550039,0.010036,9.378088,0.002115,0.017924,0.051396
11.560113,0.010074,9.412804,0.036831,0.018295,0.051580
11.570090,0.009977,9.388862,0.012889,0.018424,0.051764
11.580064,0.009973,9.333795,-0.042178,0.018003,0.051943
11.590067,0.010004,9.319430,-0.056543,0.017438,0.052118
11.600087,0.010020,9.391256,0.015283,0.017591,0.052294
11.610056,0.009970,9.344569,-0.031404,0.017278,0.052466
11.620058,0.010001,9.374497,-0.001476,0.017263,0.052639
11.630028,0.009970,9.378088,0.002115,0.017284,0.052811
11.640022,0.009994,9.369708,-0.006265,0.017221,0.052983
11.650071,0.010049,9.396044,0.020071,0.017423,0.053159
11.660204,0.010134,9.351752,-0.024221,0.017178,0.053333
11.670331,0.010127,9.362526,-0.013447,0.017042,0.053505
11.680794,0.010463,9.379285,0.003312,0.017076,0.053684
11.690044,0.009250,9.354146,-0.021827,0.016874,0.053840
11.699993,0.009949,9.392453,0.016480,0.017038,0.054009
11.709972,0.009979,9.411607,0.035634,0.017394,0.054183
11.719955,0.009983,9.390059,0.014086,0.017534,0.054358
11.729974,0.010019,9.346963,-0.029010,0.017244,0.054531
11.739952,0.009978,9.343372,-0.032601,0.016918,0.054700
11.749959,0.010008,9.364920,-0.011053,0.016808,0.054868
11.760108,0.010148,9.427169,0.051196,0.017327,0.055044
11.770005,0.009897,9.379285,0.003312,0.017360,0.055215
11.779988,0.009984,9.396044,0.020071,0.017561,0.055391
11.790019,0.010030,9.374497,-0.001476,0.017546,0.055567
11.800084,0.010065,9.378088,0.002115,0.017567,0.055744
11.810778,0.010695,9.380482,0.004509,0.017615,0.055932
11.820167,0.009389,9.397242,0.021269,0.017815,0.056099
11.830045,0.009878,9.360131,-0.015842,0.017658,0.056274
11.839978,0.009934,9.364920,-0.011053,0.017549,0.056448
11.850011,0.010033,9.376891,0.000918,0.017558,0.056624
11.860011,0.010000,9.381679,0.005706,0.017615,0.056800
11.870056,0.010045,9.415198,0.039225,0.018009,0.056981
11.880182,0.010127,9.390059,0.014086,0.018152,0.057165
11.890043,0.009861,9.351752,-0.024221,0.017913,0.057342
11.900331,0.010288,9.312247,-0.063726,0.017257,0.057519
11.910005,0.009675,9.399636,0.023663,0.017486,0.057688
11.919998,0.009992,9.396044,0.020071,0.017687,0.057865
11.929987,0.009990,9.411607,0.035634,0.018043,0.058045
11.939993,0.010006,9.338584,-0.037389,0.017669,0.058222
11.949982,0.009989,9.368511,-0.007462,0.017594,0.058398
11.960012,0.010031,9.381679,0.005706,0.017651,0.058575
11.970039,0.010027,9.414001,0.038028,0.018033,0.058756
11.980069,0.010030,9.368511,-0.007462,0.017958,0.058936
11.990016,0.009947,9.397242,0.021269,0.018169,0.059117
12.000002,0.009986,9.390059,0.014086,0.018310,0.059299
12.009990,0.009987,9.429563,0.053590,0.018845,0.059488
12.020024,0.010034,9.411607,0.035634,0.019203,0.059680
12.029983,0.009959,9.414001,0.038028,0.019581,0.059875
12.040035,0.010052,9.351752,-0.024221,0.019338,0.060070
12.050081,0.010046,9.381679,0.005706,0.019395,0.060265
12.060015,0.009935,9.388862,0.012889,0.019523,0.060459
12.070013,0.009998,9.381679,0.005706,0.019580,0.060654
12.080025,0.010012,9.402030,0.026057,0.019841,0.060853
12.090223,0.010198,9.326613,-0.049360,0.019338,0.061050
12.100088,0.009864,9.396044,0.020071,0.019536,0.061243
12.110036,0.009949,9.388862,0.012889,0.019664,0.061438
12.120031,0.009994,9.390059,0.014086,0.019805,0.061636
12.130033,0.010002,9.360131,-0.015842,0.019646,0.061833
12.139990,0.009958,9.348160,-0.027813,0.019369,0.062026
12.150007,0.010017,9.348160,-0.027813,0.019091,0.062217
12.159998,0.009991,9.382876,0.006903,0.019160,0.062408
12.170044,0.010046,9.375694,-0.000279,0.019157,0.062601
12.180018,0.009974,9.423578,0.047605,0.019632,0.062797
12.190030,0.010011,9.381679,0.005706,0.019689,0.062994
12.199994,0.009964,9.379285,0.003312,0.019722,0.063190
12.210005,0.010012,9.337386,-0.038587,0.019336,0.063384
12.220016,0.010010,9.406818,0.030845,0.019644,0.063581
12.229996,0.009980,9.337386,-0.038587,0.019259,0.063773
12.239991,0.009995,9.396044,0.020071,0.019460,0.063967
12.249973,0.009982,9.345766,-0.030207,0.019158,0.064159
12.259998,0.010026,9.293094,-0.082879,0.018328,0.064342
12.269974,0.009976,9.205705,-0.170268,0.016629,0.064508
12.280007,0.010033,9.539697,0.163724,0.018271,0.064691
12.290315,0.010308,9.721656,0.345683,0.021835,0.064917
12.300000,0.009685,9.394847,0.018874,0.022018,0.065130
12.310122,0.010122,9.131485,-0.244488,0.019543,0.065328
12.319999,0.009876,9.240421,-0.135552,0.018204,0.065507
12.330495,0.010496,9.326613,-0.049360,0.017686,0.065693
12.339997,0.009502,9.449914,0.073941,0.018389,0.065868
12.350008,0.010011,9.428366,0.052393,0.018913,0.066057
12.359986,0.009978,9.301473,-0.074500,0.018170,0.066238
12.369980,0.009994,9.267955,-0.108018,0.017090,0.066409
12.379951,0.009971,9.489418,0.113445,0.018221,0.066591
12.389999,0.010048,9.507375,0.131402,0.019542,0.066787
12.399974,0.009975,9.269152,-0.106821,0.018476,0.066972
12.409953,0.009979,9.305065,-0.070908,0.017768,0.067149
12.419986,0.010033,9.422381,0.046408,0.018234,0.067332
12.429956,0.009970,9.452308,0.076335,0.018995,0.067521
12.440006,0.010050,9.429563,0.053590,0.019534,0.067717
12.450021,0.010015,9.332598,-0.043375,0.019099,0.067909
12.461658,0.011637,9.306262,-0.069711,0.018288,0.068122
12.470341,0.008683,9.379285,0.003312,0.018317,0.068281
12.480369,0.010027,9.429563,0.053590,0.018854,0.068470
12.490806,0.010437,9.340978,-0.034995,0.018489,0.068663
12.500299,0.009494,9.301473,-0.074500,0.017782,0.068831
12.510289,0.009990,9.374497,-0.001476,0.017767,0.069009
12.522102,0.011813,9.472659,0.096686,0.018909,0.069232
12.530154,0.008052,9.387665,0.011692,0.019003,0.069385
12.539913,0.009759,9.339781,-0.036192,0.018650,0.069567
12.549863,0.009950,9.317036,-0.058937,0.018063,0.069747
12.559977,0.010114,9.412804,0.036831,0.018436,0.069934
12.570688,0.010710,9.412804,0.036831,0.018830,0.070135
12.579933,0.009245,9.332598,-0.043375,0.018429,0.070306
12.589979,0.010046,9.340978,-0.034995,0.018078,0.070487
12.600012,0.010033,9.385271,0.009298,0.018171,0.070670
12.609964,0.009952,9.431957,0.055984,0.018728,0.070856
12.619981,0.010017,9.387665,0.011692,0.018845,0.071045
12.629982,0.010001,9.363723,-0.012250,0.018723,0.071232
12.639988,0.010006,9.319430,-0.056543,0.018157,0.071414
12.649999,0.010011,9.393650,0.017677,0.018334,0.071597
12.659976,0.009977,9.399636,0.023663,0.018570,0.071782
12.670015,0.010038,9.329007,-0.046966,0.018099,0.071964
12.679957,0.009943,9.339781,-0.036192,0.017739,0.072140
12.689951,0.009994,9.369708,-0.006265,0.017676,0.072317
12.700013,0.010062,9.412804,0.036831,0.018047,0.072499
12.709980,0.009967,9.380482,0.004509,0.018092,0.072679
12.719843,0.009862,9.369708,-0.006265,0.018030,0.072857
12.730002,0.010159,9.379285,0.003312,0.018064,0.073040
12.739978,0.009976,9.336189,-0.039784,0.017667,0.073217
12.749940,0.009961,9.325415,-0.050558,0.017163,0.073388
12.759973,0.010033,9.375694,-0.000279,0.017160,0.073560
12.770012,0.010039,9.419986,0.044013,0.017602,0.073736
12.779972,0.009960,9.423578,0.047605,0.018076,0.073917
12.789979,0.010007,9.403227,0.027254,0.018349,0.074100
12.800050,0.010072,9.385271,0.009298,0.018443,0.074286
12.810027,0.009976,9.398439,0.022466,0.018667,0.074472
12.820003,0.009976,9.380482,0.004509,0.018712,0.074659
12.829967,0.009963,9.319430,-0.056543,0.018148,0.074840
12.840002,0.010035,9.343372,-0.032601,0.017821,0.075018
12.850008,0.010007,9.397242,0.021269,0.018034,0.075199
12.860008,0.010000,9.397242,0.021269,0.018247,0.075381
12.869940,0.009932,9.350555,-0.025418,0.017994,0.075560
12.879943,0.010003,9.348160,-0.027813,0.017716,0.075737
12.889954,0.010011,9.396044,0.020071,0.017917,0.075917
12.899996,0.010042,9.405621,0.029648,0.018215,0.076100
12.910028,0.010031,9.370905,-0.005068,0.018164,0.076282
12.919976,0.009948,9.342175,-0.033798,0.017828,0.076459
12.930237,0.010262,9.363723,-0.012250,0.017702,0.076641
12.939951,0.009714,9.358934,-0.017039,0.017537,0.076811
12.950045,0.010094,9.348160,-0.027813,0.017256,0.076985
12.959982,0.009937,9.315839,-0.060134,0.016658,0.077151
12.969997,0.010016,9.334992,-0.040981,0.016248,0.077314
12.979980,0.009983,9.358934,-0.017039,0.016078,0.077474
12.990045,0.010065,9.378088,0.002115,0.016099,0.077636
12.999986,0.009941,9.360131,-0.015842,0.015942,0.077795
13.010000,0.010014,9.343372,-0.032601,0.015615,0.077951
13.020008,0.010008,9.372102,-0.003871,0.015576,0.078107
13.029960,0.009953,9.408015,0.032042,0.015895,0.078265
13.039984,0.010024,9.378088,0.002115,0.015916,0.078425
13.049991,0.010007,9.418789,0.042816,0.016345,0.078588
13.060002,0.010011,9.403227,0.027254,0.016618,0.078755
13.069947,0.009945,9.406818,0.030845,0.016924,0.078923
13.080088,0.010141,9.398439,0.022466,0.017152,0.079097
13.090205,0.010118,9.356540,-0.019433,0.016956,0.079268
13.100020,0.009814,9.378088,0.002115,0.016976,0.079435
13.110046,0.010027,9.360131,-0.015842,0.016818,0.079604
13.119994,0.009948,9.381679,0.005706,0.016874,0.079771
13.130000,0.010006,9.394847,0.018874,0.017063,0.079942
13.139969,0.009969,9.405621,0.029648,0.017359,0.080115
13.150128,0.010159,9.333795,-0.042178,0.016930,0.080287
13.159992,0.009865,9.402030,0.026057,0.017187,0.080457
13.169989,0.009996,9.354146,-0.021827,0.016969,0.080626
13.179972,0.009983,9.422381,0.046408,0.017432,0.080800
13.189971,0.009999,9.368511,-0.007462,0.017358,0.080974
13.199956,0.009985,9.394847,0.018874,0.017546,0.081149
13.210006,0.010050,9.405621,0.029648,0.017844,0.081328
13.220008,0.010002,9.357737,-0.018236,0.017662,0.081505
13.229982,0.009974,9.373299,-0.002673,0.017635,0.081681
13.239987,0.010005,9.369708,-0.006265,0.017573,0.081857
13.249986,0.009999,9.376891,0.000918,0.017582,0.082033
13.259975,0.009989,9.397242,0.021269,0.017794,0.082210
13.269986,0.010011,9.398439,0.022466,0.018019,0.082391
13.279999,0.010013,9.397242,0.021269,0.018232,0.082573
13.289981,0.009981,9.423578,0.047605,0.018707,0.082760
13.299979,0.009999,9.369708,-0.006265,0.018645,0.082946
13.309998,0.010018,9.423578,0.047605,0.019121,0.083138
13.319996,0.009999,9.412804,0.036831,0.019490,0.083333
13.329970,0.009974,9.355343,-0.020630,0.019284,0.083525
13.339973,0.010003,9.366117,-0.009856,0.019185,0.083717
13.350042,0.010069,9.382876,0.006903,0.019255,0.083911
13.359953,0.009911,9.352949,-0.023024,0.019027,0.084100
13.369953,0.010000,9.385271,0.009298,0.019120,0.084291
13.379979,0.010026,9.369708,-0.006265,0.019057,0.084482
13.389971,0.009992,9.312247,-0.063726,0.018420,0.084666
13.399992,0.010020,9.396044,0.020071,0.018621,0.084853
13.409993,0.010001,9.404424,0.028451,0.018906,0.085042
13.419949,0.009956,9.355343,-0.020630,0.018700,0.085228
13.429980,0.010031,9.381679,0.005706,0.018758,0.085416
13.439991,0.010011,9.386468,0.010495,0.018863,0.085605
13.450002,0.010011,9.404424,0.028451,0.019147,0.085796
13.459954,0.009951,9.379285,0.003312,0.019180,0.085987
13.469935,0.009981,9.387665,0.011692,0.019297,0.086180
13.479971,0.010036,9.392453,0.016480,0.019463,0.086375
13.489960,0.009989,9.404424,0.028451,0.019747,0.086573
13.499960,0.010000,9.368511,-0.007462,0.019672,0.086769
13.509999,0.010039,9.343372,-0.032601,0.019345,0.086963
13.520297,0.010298,9.385271,0.009298,0.019441,0.087164
13.530067,0.009770,9.467870,0.091897,0.020338,0.087362
13.540015,0.009948,9.363723,-0.012250,0.020217,0.087563
13.550030,0.010014,9.370905,-0.005068,0.020166,0.087765
13.560027,0.009998,9.397242,0.021269,0.020378,0.087969
13.570026,0.009999,9.449914,0.073941,0.021118,0.088180
13.580076,0.010050,9.388862,0.012889,0.021247,0.088394
13.590033,0.009958,9.384073,0.008100,0.021328,0.088606
13.599954,0.009921,9.427169,0.051196,0.021836,0.088823
13.610010,0.010056,9.366117,-0.009856,0.021737,0.089041
13.619964,0.009954,9.382876,0.006903,0.021805,0.089258
13.630008,0.010044,9.378088,0.002115,0.021827,0.089478
13.639991,0.009982,9.397242,0.021269,0.022039,0.089698
13.650009,0.010018,9.374497,-0.001476,0.022024,0.089918
13.660027,0.010018,9.384073,0.008100,0.022105,0.090140
13.670034,0.010007,9.361328,-0.014645,0.021959,0.090360
13.679977,0.009943,9.394847,0.018874,0.022147,0.090580
13.690201,0.010224,9.411607,0.035634,0.022511,0.090810
13.700020,0.009820,9.329007,-0.046966,0.022050,0.091026
13.710059,0.010039,9.366117,-0.009856,0.021951,0.091247
13.719980,0.009921,9.357737,-0.018236,0.021770,0.091463
13.730005,0.010025,9.386468,0.010495,0.021875,0.091682
13.739994,0.009989,9.386468,0.010495,0.021980,0.091902
13.750030,0.010036,9.345766,-0.030207,0.021677,0.092119
13.759950,0.009920,9.334992,-0.040981,0.021270,0.092330
13.770031,0.010081,9.442731,0.066758,0.021943,0.092551
13.779939,0.009908,9.386468,0.010495,0.022047,0.092770
13.790037,0.010098,9.312247,-0.063726,0.021404,0.092986
13.799960,0.009923,9.385271,0.009298,0.021496,0.093199
13.809945,0.009985,9.367314,-0.008659,0.021409,0.093413
13.819975,0.010030,9.399636,0.023663,0.021647,0.093630
13.829959,0.009984,9.367314,-0.008659,0.021560,0.093845
13.839993,0.010034,9.348160,-0.027813,0.021281,0.094059
13.850040,0.010046,9.357737,-0.018236,0.021098,0.094271
13.859988,0.009948,9.416395,0.040422,0.021500,0.094485
13.870047,0.010059,9.392453,0.016480,0.021666,0.094703
13.880214,0.010167,9.372102,-0.003871,0.021627,0.094923
13.890024,0.009811,9.349357,-0.026616,0.021365,0.095132
13.899997,0.009973,9.387665,0.011692,0.021482,0.095346
13.909958,0.009960,9.385271,0.009298,0.021575,0.095561
13.919999,0.010042,9.381679,0.005706,0.021632,0.095779
13.929951,0.009952,9.390059,0.014086,0.021772,0.095995
13.939961,0.010010,9.376891,0.000918,0.021781,0.096213
13.949964,0.010003,9.386468,0.010495,0.021886,0.096432
13.960009,0.010045,9.358934,-0.017039,0.021715,0.096650
13.969991,0.009983,9.399636,0.023663,0.021951,0.096869
13.980004,0.010012,9.345766,-0.030207,0.021649,0.097086
13.989972,0.009968,9.362526,-0.013447,0.021515,0.097301
13.999947,0.009975,9.385271,0.009298,0.021608,0.097516
14.009972,0.010025,9.349357,-0.026616,0.021341,0.097730
14.019970,0.009998,9.390059,0.014086,0.021482,0.097945
14.029960,0.009990,9.408015,0.032042,0.021802,0.098163
14.039968,0.010008,9.374497,-0.001476,0.021787,0.098381
14.050250,0.010283,9.367314,-0.008659,0.021698,0.098604
14.060065,0.009815,9.403227,0.027254,0.021965,0.098819
14.069986,0.009921,9.408015,0.032042,0.022283,0.099041
14.079995,0.010009,9.373299,-0.002673,0.022256,0.099263
14.090245,0.010250,9.400833,0.024860,0.022511,0.099494
14.100020,0.009775,9.349357,-0.026616,0.022251,0.099712
14.109973,0.009953,9.393650,0.017677,0.022427,0.099935
14.120019,0.010047,9.350555,-0.025418,0.022172,0.100157
14.129961,0.009941,9.336189,-0.039784,0.021776,0.100374
14.139975,0.010014,9.392453,0.016480,0.021941,0.100594
14.149963,0.009988,9.327810,-0.048163,0.021460,0.100808
14.159977,0.010014,9.374497,-0.001476,0.021445,0.101023
14.169958,0.009980,9.409213,0.033240,0.021777,0.101240
14.179970,0.010012,9.394847,0.018874,0.021966,0.101460
14.190026,0.010056,9.404424,0.028451,0.022252,0.101684
14.199986,0.009959,9.369708,-0.006265,0.022190,0.101905
14.209948,0.009962,9.382876,0.006903,0.022259,0.102127
14.220011,0.010064,9.372102,-0.003871,0.022220,0.102350
14.229950,0.009939,9.312247,-0.063726,0.021586,0.102565
14.239964,0.010014,9.332598,-0.043375,0.021152,0.102777
14.250004,0.010040,9.321824,-0.054149,0.020608,0.102983
14.259952,0.009948,9.230845,-0.145128,0.019165,0.103174
14.269957,0.010005,9.360131,-0.015842,0.019006,0.103364
14.279991,0.010035,9.847351,0.471378,0.023736,0.103602
14.290013,0.010022,9.463082,0.087109,0.024609,0.103849
14.299973,0.009959,8.985439,-0.390534,0.020720,0.104055
14.309956,0.009984,9.258378,-0.117595,0.019546,0.104251
14.320012,0.010056,9.414001,0.038028,0.019928,0.104451
14.329968,0.009956,9.483433,0.107460,0.020998,0.104660
14.339955,0.009988,9.575610,0.199637,0.022992,0.104890
14.349989,0.010033,9.259575,-0.116398,0.021824,0.105109
14.359967,0.009978,9.154230,-0.221743,0.019611,0.105304
14.369947,0.009980,9.466673,0.090700,0.020517,0.105509
14.379973,0.010026,9.451111,0.075138,0.021270,0.105722
14.390019,0.010046,9.311050,-0.064923,0.020618,0.105929
14.399966,0.009946,9.272743,-0.103230,0.019591,0.106124
14.410112,0.010147,9.295488,-0.080485,0.018774,0.106315
14.420025,0.009913,9.448717,0.072744,0.019495,0.106508
14.429981,0.009956,9.488221,0.112248,0.020613,0.106713
14.439941,0.009959,9.309853,-0.066120,0.019954,0.106912
14.449993,0.010053,9.275137,-0.100836,0.018941,0.107102
14.459971,0.009978,9.384073,0.008100,0.019022,0.107292
14.469961,0.009990,9.404424,0.028451,0.019306,0.107485
14.479950,0.009988,9.375694,-0.000279,0.019303,0.107678
14.490017,0.010067,9.290700,-0.085273,0.018444,0.107864
14.499953,0.009936,9.336189,-0.039784,0.018049,0.108043
14.509973,0.010020,9.423578,0.047605,0.018526,0.108229
14.520024,0.010052,9.392453,0.016480,0.018692,0.108416
14.529996,0.009972,9.361328,-0.014645,0.018546,0.108601
14.539943,0.009947,9.306262,-0.069711,0.017852,0.108779
14.549944,0.010001,9.374497,-0.001476,0.017838,0.108957
14.559951,0.010008,9.477447,0.101474,0.018853,0.109146
14.569966,0.010015,9.393650,0.017677,0.019030,0.109337
14.579946,0.009980,9.313444,-0.062529,0.018406,0.109520
14.590001,0.010055,9.346963,-0.029010,0.018114,0.109702
14.599974,0.009973,9.387665,0.011692,0.018231,0.109884
14.609961,0.009987,9.363723,-0.012250,0.018109,0.110065
14.619996,0.010035,9.362526,-0.013447,0.017974,0.110245
14.629935,0.009939,9.313444,-0.062529,0.017352,0.110418
14.639941,0.010006,9.342175,-0.033798,0.017014,0.110588
14.649997,0.010056,9.410410,0.034437,0.017360,0.110763
14.659947,0.009950,9.380482,0.004509,0.017405,0.110936
14.670058,0.010112,9.361328,-0.014645,0.017257,0.111110
14.680014,0.009955,9.394847,0.018874,0.017445,0.111284
14.690086,0.010072,9.333795,-0.042178,0.017020,0.111455
14.700024,0.009938,9.403227,0.027254,0.017291,0.111627
14.709973,0.009949,9.381679,0.005706,0.017348,0.111800
14.719994,0.010021,9.344569,-0.031404,0.017033,0.111971
14.729950,0.009956,9.384073,0.008100,0.017114,0.112141
14.739980,0.010030,9.343372,-0.032601,0.016787,0.112309
14.749943,0.009963,9.326613,-0.049360,0.016295,0.112472
14.759970,0.010028,9.364920,-0.011053,0.016184,0.112634
14.769953,0.009983,9.418789,0.042816,0.016612,0.112800
14.779948,0.009995,9.412804,0.036831,0.016980,0.112970
14.790010,0.010062,9.423578,0.047605,0.017459,0.113145
14.799973,0.009962,9.394847,0.018874,0.017647,0.113321
14.809966,0.009993,9.380482,0.004509,0.017692,0.113498
14.819984,0.010018,9.363723,-0.012250,0.017569,0.113674
14.829955,0.009972,9.333795,-0.042178,0.017149,0.113845
14.839985,0.010029,9.331401,-0.044572,0.016702,0.114012
14.849989,0.010004,9.345766,-0.030207,0.016399,0.114176
14.859963,0.009974,9.368511,-0.007462,0.016325,0.114339
14.869951,0.009988,9.348160,-0.027813,0.016047,0.114500
14.880188,0.010237,9.338584,-0.037389,0.015664,0.114660
14.890027,0.009839,9.357737,-0.018236,0.015485,0.114812
14.899975,0.009948,9.375694,-0.000279,0.015482,0.114966
14.909942,0.009967,9.358934,-0.017039,0.015312,0.115119
14.919949,0.010007,9.380482,0.004509,0.015358,0.115273
14.929944,0.009995,9.387665,0.011692,0.015474,0.115427
14.939954,0.010010,9.403227,0.027254,0.015747,0.115585
14.949993,0.010039,9.391256,0.015283,0.015901,0.115744
14.959970,0.009977,9.363723,-0.012250,0.015778,0.115902
14.969942,0.009972,9.360131,-0.015842,0.015620,0.116058
14.980059,0.010117,9.346963,-0.029010,0.015327,0.116213
14.989953,0.009894,9.360131,-0.015842,0.015170,0.116363
14.999961,0.010008,9.437943,0.061970,0.015790,0.116521
15.009948,0.009987,9.398439,0.022466,0.016015,0.116681
15.019998,0.010050,9.326613,-0.049360,0.015519,0.116837
15.029969,0.009971,9.384073,0.008100,0.015600,0.116992
15.040007,0.010038,9.386468,0.010495,0.015705,0.117150
15.049993,0.009986,9.381679,0.005706,0.015762,0.117307
15.059968,0.009974,9.385271,0.009298,0.015855,0.117465
15.069973,0.010005,9.388862,0.012889,0.015984,0.117625
15.079979,0.010007,9.415198,0.039225,0.016376,0.117789
15.090135,0.010155,9.388862,0.012889,0.016507,0.117957
15.100069,0.009934,9.372102,-0.003871,0.016468,0.118120
15.109988,0.009919,9.309853,-0.066120,0.015813,0.118277
15.119988,0.010001,9.408015,0.032042,0.016133,0.118439
15.129960,0.009972,9.372102,-0.003871,0.016095,0.118599
15.139980,0.010019,9.373299,-0.002673,0.016068,0.118760
15.149973,0.009993,9.398439,0.022466,0.016292,0.118923
15.159966,0.009993,9.387665,0.011692,0.016409,0.119087
15.169971,0.010005,9.381679,0.005706,0.016466,0.119252
15.179971,0.010000,9.412804,0.036831,0.016834,0.119420
15.189959,0.009988,9.372102,-0.003871,0.016796,0.119588
15.200045,0.010086,9.329007,-0.046966,0.016322,0.119752
15.209961,0.009916,9.385271,0.009298,0.016414,0.119915
15.219958,0.009998,9.356540,-0.019433,0.016220,0.120077
15.229954,0.009996,9.396044,0.020071,0.016421,0.120241
15.239994,0.010039,9.332598,-0.043375,0.015985,0.120402
15.249990,0.009996,9.366117,-0.009856,0.015887,0.120561
15.259959,0.009969,9.382876,0.006903,0.015956,0.120720
15.269966,0.010006,9.393650,0.017677,0.016132,0.120881
15.279962,0.009996,9.417592,0.041619,0.016548,0.121047
15.289995,0.010033,9.402030,0.026057,0.016810,0.121215
15.299985,0.009990,9.406818,0.030845,0.017118,0.121386
15.309937,0.009952,9.345766,-0.030207,0.016817,0.121554
15.319971,0.010034,9.351752,-0.024221,0.016574,0.121720
15.329953,0.009982,9.331401,-0.044572,0.016129,0.121881
15.339959,0.010006,9.348160,-0.027813,0.015851,0.122040
15.349984,0.010026,9.357737,-0.018236,0.015668,0.122197
15.359959,0.009975,9.373299,-0.002673,0.015642,0.122353
15.369953,0.009994,9.376891,0.000918,0.015651,0.122509
15.379955,0.010002,9.344569,-0.031404,0.015337,0.122663
15.389928,0.009973,9.363723,-0.012250,0.015215,0.122814
15.400006,0.010078,9.349357,-0.026616,0.014946,0.122965
15.409957,0.009951,9.381679,0.005706,0.015003,0.123114
15.419970,0.010013,9.351752,-0.024221,0.014761,0.123262
15.429961,0.009991,9.404424,0.028451,0.015045,0.123412
15.439990,0.010029,9.392453,0.016480,0.015210,0.123565
15.449995,0.010005,9.400833,0.024860,0.015459,0.123720
15.459958,0.009963,9.373299,-0.002673,0.015432,0.123873
15.469971,0.010014,9.349357,-0.026616,0.015166,0.124025
15.479947,0.009976,9.405621,0.029648,0.015461,0.124179
15.490727,0.010780,9.331401,-0.044572,0.014981,0.124341
15.500012,0.009285,9.355343,-0.020630,0.014789,0.124478
15.509978,0.009966,9.375694,-0.000279,0.014787,0.124626
15.520500,0.010523,9.457097,0.081124,0.015640,0.124790
15.529989,0.009489,9.439140,0.063167,0.016240,0.124944
15.540008,0.010018,9.373299,-0.002673,0.016213,0.125107
15.549981,0.009973,9.355343,-0.020630,0.016007,0.125266
15.559975,0.009994,9.380482,0.004509,0.016052,0.125427
15.569980,0.010005,9.384073,0.008100,0.016133,0.125588
15.579970,0.009990,9.366117,-0.009856,0.016035,0.125748
15.589974,0.010004,9.386468,0.010495,0.016140,0.125910
15.600037,0.010062,9.399636,0.023663,0.016378,0.126075
15.609969,0.009932,9.378088,0.002115,0.016399,0.126237
15.619954,0.009985,9.366117,-0.009856,0.016300,0.126400
15.629974,0.010020,9.378088,0.002115,0.016322,0.126564
15.640002,0.010028,9.381679,0.005706,0.016379,0.126728
15.650001,0.009999,9.372102,-0.003871,0.016340,0.126891
15.659961,0.009960,9.361328,-0.014645,0.016194,0.127053
15.669948,0.009988,9.363723,-0.012250,0.016072,0.127213
15.679942,0.009994,9.381679,0.005706,0.016129,0.127374
15.689948,0.010006,9.378088,0.002115,0.016150,0.127536
15.699937,0.009989,9.345766,-0.030207,0.015848,0.127694
15.709962,0.010025,9.393650,0.017677,0.016026,0.127855
15.720010,0.010048,9.346963,-0.029010,0.015734,0.128013
15.730000,0.009990,9.400833,0.024860,0.015983,0.128173
15.739964,0.009964,9.361328,-0.014645,0.015837,0.128331
15.749959,0.009996,9.305065,-0.070908,0.015128,0.128482
15.759963,0.010004,9.366117,-0.009856,0.015029,0.128632
15.769949,0.009986,9.390059,0.014086,0.015170,0.128784
15.779977,0.010028,9.386468,0.010495,0.015275,0.128937
15.789962,0.009985,9.390059,0.014086,0.015416,0.129091
15.799967,0.010005,9.412804,0.036831,0.015784,0.129249
15.810008,0.010041,9.373299,-0.002673,0.015757,0.129407
15.819954,0.009946,9.422381,0.046408,0.016219,0.129568
15.829934,0.009980,9.349357,-0.026616,0.015953,0.129727
15.840020,0.010086,9.367314,-0.008659,0.015866,0.129887
15.850005,0.009985,9.390059,0.014086,0.016007,0.130047
15.860081,0.010076,9.392453,0.016480,0.016173,0.130210
15.869986,0.009905,9.364920,-0.011053,0.016063,0.130369
15.880531,0.010545,9.314642,-0.061331,0.015417,0.130532
15.889982,0.009451,9.356540,-0.019433,0.015233,0.130676
15.899971,0.009990,9.361328,-0.014645,0.015087,0.130826
15.909981,0.010009,9.421184,0.045211,0.015539,0.130982
15.919988,0.010007,9.392453,0.016480,0.015704,0.131139
15.930004,0.010016,9.416395,0.040422,0.016109,0.131301
15.939979,0.009975,9.346963,-0.029010,0.015820,0.131458
15.949980,0.010001,9.370905,-0.005068,0.015769,0.131616
15.960001,0.010021,9.370905,-0.005068,0.015718,0.131774
15.969989,0.009988,9.386468,0.010495,0.015823,0.131932
15.979986,0.009998,9.351752,-0.024221,0.015581,0.132087
15.989977,0.009991,9.343372,-0.032601,0.015255,0.132240
15.999964,0.009987,9.352949,-0.023024,0.015025,0.132390
16.009982,0.010018,9.363723,-0.012250,0.014902,0.132539
16.019963,0.009981,9.355343,-0.020630,0.014696,0.132686
16.029969,0.010006,9.362526,-0.013447,0.014562,0.132831
16.039955,0.009986,9.387665,0.011692,0.014679,0.132978
16.050012,0.010057,9.396044,0.020071,0.014880,0.133128
16.060013,0.010001,9.431957,0.055984,0.015440,0.133282
16.069942,0.009928,9.388862,0.012889,0.015568,0.133437
16.080002,0.010060,9.333795,-0.042178,0.015144,0.133589
16.090132,0.010130,9.337386,-0.038587,0.014753,0.133739
16.099992,0.009860,9.356540,-0.019433,0.014562,0.133882
16.109971,0.009979,9.408015,0.032042,0.014881,0.134031
16.119988,0.010017,9.392453,0.016480,0.015046,0.134181
16.129938,0.009950,9.366117,-0.009856,0.014948,0.134330
16.139953,0.010015,9.379285,0.003312,0.014981,0.134480
16.149960,0.010008,9.364920,-0.011053,0.014871,0.134629
16.159967,0.010007,9.355343,-0.020630,0.014664,0.134776
16.169961,0.009994,9.343372,-0.032601,0.014339,0.134919
16.179975,0.010014,9.345766,-0.030207,0.014036,0.135060
16.190023,0.010049,9.386468,0.010495,0.014142,0.135202
16.199964,0.009940,9.357737,-0.018236,0.013960,0.135340
16.209998,0.010035,9.385271,0.009298,0.014054,0.135481
16.219967,0.009969,9.424775,0.048802,0.014540,0.135626
16.229943,0.009975,9.366117,-0.009856,0.014442,0.135770
16.239935,0.009992,9.351752,-0.024221,0.014200,0.135912
16.250010,0.010075,9.333795,-0.042178,0.013775,0.136051
16.259975,0.009965,9.381679,0.005706,0.013832,0.136189
16.269945,0.009971,9.392453,0.016480,0.013996,0.136328
16.279961,0.010016,9.392453,0.016480,0.014161,0.136470
16.290013,0.010051,9.412804,0.036831,0.014531,0.136616
16.299973,0.009960,9.369708,-0.006265,0.014469,0.136760
16.309959,0.009986,9.385271,0.009298,0.014562,0.136906
16.319983,0.010024,9.329007,-0.046966,0.014091,0.137047
16.329951,0.009968,9.387665,0.011692,0.014207,0.137189
16.339978,0.010028,9.367314,-0.008659,0.014121,0.137330
16.350006,0.010028,9.392453,0.016480,0.014286,0.137474
16.359977,0.009970,9.343372,-0.032601,0.013961,0.137613
16.369939,0.009963,9.361328,-0.014645,0.013815,0.137750
16.379969,0.010029,9.392453,0.016480,0.013980,0.137891
16.390014,0.010045,9.369708,-0.006265,0.013917,0.138030
16.399960,0.009946,9.400833,0.024860,0.014165,0.138171
16.409951,0.009991,9.384073,0.008100,0.014246,0.138314
16.419969,0.010018,9.375694,-0.000279,0.014243,0.138456
16.429945,0.009976,9.414001,0.038028,0.014622,0.138602
16.439950,0.010005,9.384073,0.008100,0.014703,0.138749
16.449993,0.010043,9.424775,0.048802,0.015193,0.138902
16.459944,0.009951,9.382876,0.006903,0.015262,0.139054
16.469943,0.009999,9.373299,-0.002673,0.015235,0.139206
16.479941,0.009998,9.403227,0.027254,0.015508,0.139361
16.490018,0.010078,9.327810,-0.048163,0.015022,0.139513
16.499962,0.009943,9.339781,-0.036192,0.014662,0.139658
16.509963,0.010001,9.398439,0.022466,0.014887,0.139807
16.520074,0.010111,9.414001,0.038028,0.015272,0.139962
16.531271,0.011197,9.358934,-0.017039,0.015081,0.140130
16.540165,0.008894,9.338584,-0.037389,0.014748,0.140262
16.549998,0.009833,9.385271,0.009298,0.014840,0.140408
16.559952,0.009954,9.425972,0.049999,0.015337,0.140560
16.569990,0.010038,9.364920,-0.011053,0.015226,0.140713
16.579970,0.009981,9.354146,-0.021827,0.015009,0.140863
16.590030,0.010060,9.370905,-0.005068,0.014958,0.141013
16.599969,0.009939,9.388862,0.012889,0.015086,0.141163
16.610026,0.010057,9.368511,-0.007462,0.015011,0.141314
16.619984,0.009959,9.340978,-0.034995,0.014662,0.141460
16.630004,0.010020,9.338584,-0.037389,0.014288,0.141603
16.639977,0.009973,9.408015,0.032042,0.014607,0.141749
16.650004,0.010027,9.397242,0.021269,0.014820,0.141898
16.660016,0.010012,9.380482,0.004509,0.014866,0.142047
16.669954,0.009938,9.355343,-0.020630,0.014661,0.142192
16.679999,0.010045,9.393650,0.017677,0.014838,0.142341
16.690038,0.010040,9.367314,-0.008659,0.014751,0.142489
16.699989,0.009950,9.378088,0.002115,0.014772,0.142636
16.710019,0.010030,9.390059,0.014086,0.014913,0.142786
16.719983,0.009964,9.379285,0.003312,0.014946,0.142935
16.729999,0.010016,9.340978,-0.034995,0.014596,0.143081
16.739985,0.009986,9.362526,-0.013447,0.014462,0.143225
16.749961,0.009975,9.405621,0.029648,0.014757,0.143373
16.759961,0.010001,9.423578,0.047605,0.015233,0.143525
16.769936,0.009974,9.402030,0.026057,0.015493,0.143680
16.779997,0.010061,9.411607,0.035634,0.015852,0.143839
16.790020,0.010023,9.399636,0.023663,0.016089,0.144000
16.799995,0.009975,9.394847,0.018874,0.016277,0.144163
16.809996,0.010001,9.393650,0.017677,0.016454,0.144327
16.820027,0.010031,9.400833,0.024860,0.016704,0.144495
16.830023,0.009996,9.372102,-0.003871,0.016665,0.144661
16.839992,0.009968,9.356540,-0.019433,0.016471,0.144826
16.849995,0.010004,9.372102,-0.003871,0.016432,0.144990
16.859988,0.009993,9.373299,-0.002673,0.016406,0.145154
16.869983,0.009995,9.355343,-0.020630,0.016199,0.145316
16.880019,0.010035,9.403227,0.027254,0.016473,0.145481
16.890129,0.010110,9.360131,-0.015842,0.016313,0.145646
16.899984,0.009855,9.356540,-0.019433,0.016121,0.145805
16.910014,0.010030,9.422381,0.046408,0.016587,0.145971
16.919990,0.009976,9.403227,0.027254,0.016859,0.146139
16.929997,0.010007,9.354146,-0.021827,0.016640,0.146306
16.939980,0.009983,9.408015,0.032042,0.016960,0.146475
16.949966,0.009986,9.329007,-0.046966,0.016491,0.146640
16.960000,0.010033,9.386468,0.010495,0.016596,0.146807
16.970080,0.010081,9.368511,-0.007462,0.016521,0.146973
16.980095,0.010015,9.354146,-0.021827,0.016303,0.147136
16.990430,0.010335,9.357737,-0.018236,0.016114,0.147303
17.000247,0.009816,9.354146,-0.021827,0.015900,0.147459
17.010713,0.010466,9.368511,-0.007462,0.015822,0.147625
17.020613,0.009900,9.411607,0.035634,0.016175,0.147785
17.030117,0.009504,9.396044,0.020071,0.016365,0.147940
17.040017,0.009900,9.382876,0.006903,0.016434,0.148103
17.049925,0.009908,9.349357,-0.026616,0.016170,0.148263
17.060013,0.010088,9.370905,-0.005068,0.016119,0.148426
17.070235,0.010222,9.412804,0.036831,0.016495,0.148594
17.080028,0.009793,9.382876,0.006903,0.016563,0.148757
17.090024,0.009995,9.418789,0.042816,0.016991,0.148926
17.099881,0.009857,9.384073,0.008100,0.017071,0.149095
17.109895,0.010014,9.384073,0.008100,0.017152,0.149266
17.119960,0.010065,9.386468,0.010495,0.017257,0.149440
17.129937,0.009977,9.352949,-0.023024,0.017028,0.149610
17.140107,0.010170,9.334992,-0.040981,0.016611,0.149779
17.150170,0.010063,9.364920,-0.011053,0.016500,0.149945
17.160052,0.009882,9.372102,-0.003871,0.016461,0.150108
17.170036,0.009984,9.396044,0.020071,0.016662,0.150274
17.180023,0.009987,9.402030,0.026057,0.016922,0.150443
17.190093,0.010070,9.366117,-0.009856,0.016823,0.150612
17.200076,0.009983,9.378088,0.002115,0.016844,0.150781
17.210070,0.009994,9.339781,-0.036192,0.016482,0.150945
17.220048,0.009978,9.360131,-0.015842,0.016324,0.151108
17.230030,0.009982,9.361328,-0.014645,0.016178,0.151270
17.240010,0.009980,9.344569,-0.031404,0.015865,0.151428
17.250132,0.010122,9.379285,0.003312,0.015898,0.151589
17.260048,0.009916,9.429563,0.053590,0.016430,0.151752
17.270005,0.009957,9.433155,0.057182,0.016999,0.151921
17.280056,0.010051,9.368511,-0.007462,0.016924,0.152091
17.290053,0.009997,9.386468,0.010495,0.017029,0.152261
17.300045,0.009993,9.376891,0.000918,0.017038,0.152432
17.310028,0.009983,9.402030,0.026057,0.017298,0.152604
17.320243,0.010215,9.374497,-0.001476,0.017283,0.152781
17.330190,0.009947,9.376891,0.000918,0.017292,0.152953
17.340040,0.009850,9.375694,-0.000279,0.017289,0.153123
17.350058,0.010018,9.388862,0.012889,0.017419,0.153298
17.360016,0.009958,9.388862,0.012889,0.017547,0.153472
17.369980,0.009965,9.394847,0.018874,0.017735,0.153649
17.380058,0.010078,9.382876,0.006903,0.017805,0.153829
17.390069,0.010011,9.379285,0.003312,0.017838,0.154007
17.400022,0.009953,9.385271,0.009298,0.017930,0.154186
17.410171,0.010149,9.393650,0.017677,0.018110,0.154369
17.420221,0.010050,9.391256,0.015283,0.018263,0.154553
17.430111,0.009891,9.422381,0.046408,0.018722,0.154738
17.440042,0.009931,9.368511,-0.007462,0.018648,0.154923
17.449983,0.009940,9.394847,0.018874,0.018836,0.155111
17.460028,0.010046,9.398439,0.022466,0.019061,0.155302
17.469956,0.009928,9.399636,0.023663,0.019296,0.155494
17.480046,0.010090,9.416395,0.040422,0.019704,0.155692
17.490011,0.009965,9.312247,-0.063726,0.019069,0.155882
17.500042,0.010031,9.372102,-0.003871,0.019030,0.156073
17.509980,0.009938,9.385271,0.009298,0.019123,0.156263
17.520265,0.010285,9.390059,0.014086,0.019268,0.156462
17.530103,0.009838,9.393650,0.017677,0.019442,0.156653
17.540043,0.009941,9.372102,-0.003871,0.019403,0.156846
17.549983,0.009939,9.378088,0.002115,0.019424,0.157039
17.560086,0.010103,9.374497,-0.001476,0.019409,0.157235
17.570072,0.009986,9.352949,-0.023024,0.019179,0.157426
17.580247,0.010175,9.378088,0.002115,0.019201,0.157622
17.590132,0.009886,9.392453,0.016480,0.019364,0.157813
17.600032,0.009899,9.393650,0.017677,0.019539,0.158007
17.610020,0.009988,9.388862,0.012889,0.019667,0.158203
17.620014,0.009995,9.400833,0.024860,0.019916,0.158402
17.630010,0.009995,9.369708,-0.006265,0.019853,0.158600
17.639982,0.009972,9.392453,0.016480,0.020018,0.158800
17.649998,0.010016,9.344569,-0.031404,0.019703,0.158997
17.659976,0.009979,9.363723,-0.012250,0.019581,0.159193
17.670005,0.010029,9.363723,-0.012250,0.019458,0.159388
17.679986,0.009981,9.361328,-0.014645,0.019312,0.159581
17.690103,0.010117,9.363723,-0.012250,0.019188,0.159775
17.700031,0.009927,9.374497,-0.001476,0.019173,0.159965
17.709972,0.009941,9.391256,0.015283,0.019325,0.160157
17.720017,0.010045,9.396044,0.020071,0.019527,0.160353
17.729985,0.009968,9.340978,-0.034995,0.019178,0.160545
17.740033,0.010048,9.379285,0.003312,0.019211,0.160738
17.750030,0.009997,9.386468,0.010495,0.019316,0.160931
17.760004,0.009974,9.358934,-0.017039,0.019146,0.161122
17.769981,0.009977,9.368511,-0.007462,0.019072,0.161312
17.780007,0.010026,9.358934,-0.017039,0.018901,0.161502
17.790613,0.010606,9.381679,0.005706,0.018961,0.161703
17.800406,0.009792,9.374497,-0.001476,0.018947,0.161888
17.810121,0.009715,9.330204,-0.045769,0.018502,0.162068
17.820620,0.010500,9.265560,-0.110413,0.017343,0.162250
17.830467,0.009846,9.496601,0.120628,0.018531,0.162432
17.840167,0.009700,9.653421,0.277448,0.021222,0.162638
17.850351,0.010185,9.296685,-0.079288,0.020414,0.162846
17.860105,0.009754,9.199720,-0.176253,0.018695,0.163029
17.870054,0.009949,9.367314,-0.008659,0.018609,0.163214
17.880008,0.009953,9.308656,-0.067317,0.017939,0.163392
17.889931,0.009923,9.323021,-0.052952,0.017414,0.163565
17.899967,0.010036,9.417592,0.041619,0.017831,0.163744
17.910373,0.010407,9.333795,-0.042178,0.017392,0.163925
17.920045,0.009671,9.387665,0.011692,0.017506,0.164094
17.930197,0.010152,9.429563,0.053590,0.018050,0.164278
17.939948,0.009752,9.399636,0.023663,0.018280,0.164456
17.949865,0.009917,9.305065,-0.070908,0.017577,0.164630
17.959914,0.010049,9.327810,-0.048163,0.017093,0.164802
17.969905,0.009991,9.430760,0.054787,0.017641,0.164978
17.980044,0.010140,9.344569,-0.031404,0.017322,0.165154
17.990102,0.010057,9.375694,-0.000279,0.017319,0.165328
18.000155,0.010054,9.344569,-0.031404,0.017004,0.165499
18.010059,0.009904,9.382876,0.006903,0.017072,0.165668
18.020036,0.009977,9.366117,-0.009856,0.016974,0.165837
18.029949,0.009913,9.362526,-0.013447,0.016840,0.166004
18.039994,0.010046,9.355343,-0.020630,0.016633,0.166171
18.049982,0.009987,9.367314,-0.008659,0.016547,0.166337
18.060015,0.010033,9.381679,0.005706,0.016604,0.166503
18.069962,0.009947,9.376891,0.000918,0.016613,0.166668
18.080021,0.010059,9.326613,-0.049360,0.016116,0.166831
18.090110,0.010089,9.323021,-0.052952,0.015582,0.166988
18.099974,0.009865,9.351752,-0.024221,0.015343,0.167139
18.110028,0.010053,9.364920,-0.011053,0.015232,0.167292
18.120057,0.010030,9.356540,-0.019433,0.015037,0.167443
18.129993,0.009936,9.363723,-0.012250,0.014916,0.167591
18.139995,0.010002,9.387665,0.011692,0.015032,0.167742
18.150070,0.010075,9.364920,-0.011053,0.014921,0.167892
18.160004,0.009933,9.392453,0.016480,0.015085,0.168042
18.170006,0.010003,9.375694,-0.000279,0.015082,0.168193
18.179988,0.009982,9.327810,-0.048163,0.014601,0.168338
18.190070,0.010082,9.421184,0.045211,0.015057,0.168490
18.200009,0.009940,9.364920,-0.011053,0.014947,0.168639
18.210093,0.010083,9.392453,0.016480,0.015113,0.168791
18.220211,0.010118,9.384073,0.008100,0.015195,0.168945
18.230150,0.009939,9.360131,-0.015842,0.015038,0.169094
18.240076,0.009926,9.340978,-0.034995,0.014691,0.169240
18.250032,0.009956,9.344569,-0.031404,0.014378,0.169383
18.259998,0.009966,9.415198,0.039225,0.014769,0.169531
18.270101,0.010103,9.408015,0.032042,0.015093,0.169683
18.280082,0.009981,9.380482,0.004509,0.015138,0.169834
18.290056,0.009974,9.412804,0.036831,0.015505,0.169989
18.300014,0.009959,9.387665,0.011692,0.015621,0.170144
18.310015,0.010000,9.379285,0.003312,0.015654,0.170301
18.320006,0.009991,9.414001,0.038028,0.016034,0.170461
18.330038,0.010032,9.301473,-0.074500,0.015287,0.170614
18.340014,0.009977,9.363723,-0.012250,0.015165,0.170766
18.350017,0.010003,9.423578,0.047605,0.015641,0.170922
18.360012,0.009995,9.345766,-0.030207,0.015339,0.171075
18.370104,0.010092,9.355343,-0.020630,0.015131,0.171228
18.380023,0.009918,9.355343,-0.020630,0.014926,0.171376
18.390283,0.010260,9.396044,0.020071,0.015132,0.171531
18.400009,0.009727,9.403227,0.027254,0.015397,0.171681
18.410038,0.010028,9.378088,0.002115,0.015418,0.171836
18.420000,0.009963,9.358934,-0.017039,0.015249,0.171988
18.429976,0.009975,9.352949,-0.023024,0.015019,0.172138
18.439996,0.010021,9.410410,0.034437,0.015364,0.172292
18.449997,0.010001,9.374497,-0.001476,0.015349,0.172445
18.459977,0.009980,9.380482,0.004509,0.015394,0.172599
18.470064,0.010086,9.352949,-0.023024,0.015162,0.172752
18.479964,0.009901,9.374497,-0.001476,0.015147,0.172902
18.490035,0.010070,9.360131,-0.015842,0.014988,0.173053
18.499962,0.009928,9.400833,0.024860,0.015235,0.173204
18.509968,0.010005,9.399636,0.023663,0.015472,0.173359
18.520041,0.010074,9.357737,-0.018236,0.015288,0.173513
18.530006,0.009964,9.363723,-0.012250,0.015166,0.173664
18.539988,0.009982,9.369708,-0.006265,0.015103,0.173814
18.549978,0.009990,9.388862,0.012889,0.015232,0.173967
18.559968,0.009991,9.388862,0.012889,0.015361,0.174120
18.569962,0.009994,9.362526,-0.013447,0.015226,0.174272
18.579985,0.010023,9.369708,-0.006265,0.015164,0.174424
18.590028,0.010043,9.424775,0.048802,0.015654,0.174581
18.600083,0.010055,9.439140,0.063167,0.016289,0.174745
18.609973,0.009890,9.381679,0.005706,0.016345,0.174907
18.619991,0.010017,9.393650,0.017677,0.016522,0.175072
18.629964,0.009974,9.391256,0.015283,0.016675,0.175239
18.639998,0.010034,9.394847,0.018874,0.016864,0.175408
18.650000,0.010002,9.382876,0.006903,0.016933,0.175577
18.659999,0.009999,9.386468,0.010495,0.017038,0.175748
18.669978,0.009979,9.398439,0.022466,0.017262,0.175920
18.679965,0.009987,9.382876,0.006903,0.017331,0.176093
18.690041,0.010076,9.325415,-0.050558,0.016822,0.176263
18.699979,0.009938,9.414001,0.038028,0.017200,0.176433
18.709959,0.009980,9.390059,0.014086,0.017340,0.176607
18.719971,0.010012,9.366117,-0.009856,0.017242,0.176779
18.729958,0.009987,9.388862,0.012889,0.017370,0.176953
18.740083,0.010125,9.358934,-0.017039,0.017198,0.177127
18.749971,0.009889,9.390059,0.014086,0.017337,0.177298
18.759966,0.009995,9.400833,0.024860,0.017586,0.177474
18.769967,0.010001,9.379285,0.003312,0.017619,0.177650
18.779982,0.010015,9.382876,0.006903,0.017688,0.177827
18.790110,0.010128,9.418789,0.042816,0.018122,0.178011
18.799987,0.009877,9.393650,0.017677,0.018296,0.178192
18.809971,0.009984,9.367314,-0.008659,0.018210,0.178373
18.819990,0.010019,9.366117,-0.009856,0.018111,0.178555
18.829936,0.009946,9.355343,-0.020630,0.017906,0.178733
18.839987,0.010051,9.391256,0.015283,0.018059,0.178914
18.849982,0.009995,9.373299,-0.002673,0.018033,0.179095
18.859985,0.010003,9.356540,-0.019433,0.017838,0.179273
18.869952,0.009967,9.361328,-0.014645,0.017692,0.179449
18.879961,0.010008,9.376891,0.000918,0.017701,0.179627
18.890059,0.010098,9.352949,-0.023024,0.017469,0.179803
18.899988,0.009930,9.386468,0.010495,0.017573,0.179977
18.909947,0.009959,9.358934,-0.017039,0.017403,0.180151
18.919989,0.010043,9.343372,-0.032601,0.017076,0.180322
18.929972,0.009982,9.342175,-0.033798,0.016739,0.180489
18.939994,0.010022,9.368511,-0.007462,0.016664,0.180656
18.949997,0.010003,9.324218,-0.051755,0.016146,0.180818
18.960035,0.010038,9.477447,0.101474,0.017165,0.180990
18.969985,0.009950,9.500192,0.124219,0.018401,0.181173
18.979991,0.010006,9.338584,-0.037389,0.018027,0.181354
18.990076,0.010085,9.234436,-0.141537,0.016599,0.181521
19.000058,0.009983,9.380482,0.004509,0.016644,0.181687
19.009963,0.009904,9.361328,-0.014645,0.016499,0.181851
19.019997,0.010034,9.411607,0.035634,0.016857,0.182020
19.029947,0.009950,9.385271,0.009298,0.016949,0.182188
19.039963,0.010016,9.275137,-0.100836,0.015939,0.182348
19.050014,0.010051,9.374497,-0.001476,0.015924,0.182508
19.059977,0.009963,9.436746,0.060773,0.016530,0.182673
19.069970,0.009992,9.358934,-0.017039,0.016360,0.182836
19.079953,0.009984,9.354146,-0.021827,0.016142,0.182997
19.090169,0.010216,9.366117,-0.009856,0.016041,0.183161
19.100052,0.009883,9.379285,0.003312,0.016074,0.183320
19.109974,0.009923,9.355343,-0.020630,0.015869,0.183478
19.119958,0.009984,9.348160,-0.027813,0.015591,0.183633
19.129972,0.010014,9.307459,-0.068514,0.014905,0.183783
19.139956,0.009984,9.382876,0.006903,0.014974,0.183932
19.149993,0.010036,9.369708,-0.006265,0.014911,0.184082
19.159993,0.010000,9.370905,-0.005068,0.014861,0.184230
19.169972,0.009979,9.393650,0.017677,0.015037,0.184380
19.179964,0.009992,9.364920,-0.011053,0.014927,0.184529
19.189965,0.010001,9.386468,0.010495,0.015032,0.184680
19.199946,0.009981,9.364920,-0.011053,0.014921,0.184829
19.209984,0.010038,9.349357,-0.026616,0.014654,0.184976
19.219960,0.009976,9.408015,0.032042,0.014974,0.185125
19.229968,0.010008,9.397242,0.021269,0.015187,0.185277
19.239936,0.009968,9.390059,0.014086,0.015327,0.185430
19.249996,0.010060,9.367314,-0.008659,0.015240,0.185583
19.259992,0.009996,9.418789,0.042816,0.015668,0.185740
19.269971,0.009979,9.394847,0.018874,0.015856,0.185898
19.279945,0.009974,9.370905,-0.005068,0.015806,0.186056
19.289964,0.010019,9.400833,0.024860,0.016055,0.186217
19.300381,0.010417,9.362526,-0.013447,0.015915,0.186382
19.310045,0.009664,9.374497,-0.001476,0.015900,0.186536
19.319998,0.009953,9.416395,0.040422,0.016303,0.186698
19.329982,0.009984,9.367314,-0.008659,0.016216,0.186860
19.339998,0.010015,9.332598,-0.043375,0.015782,0.187018
19.350013,0.010015,9.376891,0.000918,0.015791,0.187176
19.359998,0.009985,9.373299,-0.002673,0.015764,0.187334
19.369968,0.009970,9.361328,-0.014645,0.015618,0.187490
19.379977,0.010009,9.342175,-0.033798,0.015280,0.187643
19.389959,0.009982,9.390059,0.014086,0.015421,0.187796
19.399941,0.009982,9.402030,0.026057,0.015681,0.187953
19.409970,0.010029,9.374497,-0.001476,0.015666,0.188110
19.419954,0.009985,9.388862,0.012889,0.015795,0.188268
19.429959,0.010005,9.374497,-0.001476,0.015780,0.188426
19.439957,0.009998,9.373299,-0.002673,0.015753,0.188583
19.450002,0.010045,9.398439,0.022466,0.015979,0.188744
19.459979,0.009977,9.352949,-0.023024,0.015749,0.188901
19.469950,0.009971,9.351752,-0.024221,0.015508,0.189055
19.479964,0.010014,9.390059,0.014086,0.015649,0.189212
19.489997,0.010033,9.425972,0.049999,0.016150,0.189374
19.499974,0.009977,9.393650,0.017677,0.016327,0.189537
19.509960,0.009986,9.387665,0.011692,0.016443,0.189701
19.519997,0.010037,9.393650,0.017677,0.016621,0.189868
19.530017,0.010020,9.363723,-0.012250,0.016498,0.190033
19.539969,0.009952,9.424775,0.048802,0.016984,0.190202
19.549963,0.009993,9.416395,0.040422,0.017388,0.190376
19.559958,0.009995,9.334992,-0.040981,0.016978,0.190546
19.569970,0.010012,9.348160,-0.027813,0.016700,0.190713
19.579962,0.009991,9.354146,-0.021827,0.016482,0.190878
19.589973,0.010011,9.392453,0.016480,0.016647,0.191044
19.599959,0.009986,9.336189,-0.039784,0.016249,0.191207
19.609942,0.009983,9.394847,0.018874,0.016438,0.191371
19.619954,0.010012,9.404424,0.028451,0.016723,0.191538
19.629980,0.010026,9.434352,0.058379,0.017308,0.191712
19.639978,0.009998,9.398439,0.022466,0.017532,0.191887
19.649997,0.010020,9.339781,-0.036192,0.017170,0.192059
19.660021,0.010024,9.394847,0.018874,0.017359,0.192233
19.669966,0.009944,9.362526,-0.013447,0.017225,0.192404
19.679963,0.009997,9.397242,0.021269,0.017438,0.192579
19.689946,0.009983,9.363723,-0.012250,0.017316,0.192752
19.699967,0.010021,9.382876,0.006903,0.017385,0.192926
19.709959,0.009992,9.381679,0.005706,0.017442,0.193100
19.719969,0.010011,9.379285,0.003312,0.017475,0.193275
19.730078,0.010108,9.380482,0.004509,0.017521,0.193452
19.739962,0.009884,9.361328,-0.014645,0.017376,0.193624
19.750003,0.010041,9.373299,-0.002673,0.017349,0.193798
19.759974,0.009971,9.380482,0.004509,0.017394,0.193972
19.769944,0.009970,9.403227,0.027254,0.017666,0.194148
19.779969,0.010025,9.405621,0.029648,0.017963,0.194328
19.789982,0.010012,9.397242,0.021269,0.018176,0.194510
19.799972,0.009990,9.374497,-0.001476,0.018161,0.194691
19.809957,0.009985,9.354146,-0.021827,0.017943,0.194870
19.819949,0.009992,9.360131,-0.015842,0.017785,0.195048
19.829977,0.010028,9.396044,0.020071,0.017986,0.195228
19.839955,0.009978,9.381679,0.005706,0.018043,0.195408
19.849993,0.010038,9.363723,-0.012250,0.017920,0.195588
19.859955,0.009962,9.332598,-0.043375,0.017488,0.195762
19.869981,0.010026,9.360131,-0.015842,0.017329,0.195936
19.880060,0.010079,9.352949,-0.023024,0.017097,0.196109
19.890929,0.010870,9.376891,0.000918,0.017107,0.196295
19.900085,0.009156,9.332598,-0.043375,0.016710,0.196448
19.910001,0.009915,9.397242,0.021269,0.016921,0.196615
19.920070,0.010070,9.386468,0.010495,0.017027,0.196787
19.929985,0.009915,9.348160,-0.027813,0.016751,0.196953
19.940124,0.010139,9.363723,-0.012250,0.016627,0.197121
19.950137,0.010013,9.385271,0.009298,0.016720,0.197289
19.960489,0.010352,9.360131,-0.015842,0.016556,0.197460
19.970016,0.009526,9.425972,0.049999,0.017032,0.197622
19.979923,0.009907,9.346963,-0.029010,0.016745,0.197788
19.990143,0.010220,9.378088,0.002115,0.016766,0.197960
20.000312,0.010170,9.311050,-0.064923,0.016106,0.198123
20.010167,0.009854,9.379285,0.003312,0.016139,0.198283
20.019961,0.009794,9.372102,-0.003871,0.016101,0.198440
20.029938,0.009977,9.421184,0.045211,0.016552,0.198605
20.040018,0.010080,9.391256,0.015283,0.016706,0.198774
20.050001,0.009983,9.388862,0.012889,0.016834,0.198942
20.060059,0.010058,9.397242,0.021269,0.017048,0.199113
20.069987,0.009928,9.385271,0.009298,0.017141,0.199283
20.080024,0.010037,9.394847,0.018874,0.017330,0.199457
20.090203,0.010179,9.378088,0.002115,0.017352,0.199634
20.100097,0.009894,9.382876,0.006903,0.017420,0.199806
20.110036,0.009939,9.416395,0.040422,0.017822,0.199983
20.120039,0.010002,9.386468,0.010495,0.017927,0.200163
20.130030,0.009992,9.396044,0.020071,0.018127,0.200344
20.140018,0.009987,9.378088,0.002115,0.018148,0.200525
20.150065,0.010047,9.409213,0.033240,0.018482,0.200711
20.160056,0.009991,9.378088,0.002115,0.018503,0.200896
20.170072,0.010016,9.403227,0.027254,0.018776,0.201084
20.180063,0.009991,9.350555,-0.025418,0.018522,0.201269
20.190117,0.010054,9.345766,-0.030207,0.018219,0.201452
20.200065,0.009948,9.400833,0.024860,0.018466,0.201636
20.210228,0.010163,9.382876,0.006903,0.018536,0.201824
20.220071,0.009843,9.363723,-0.012250,0.018416,0.202005
20.230039,0.009968,9.402030,0.026057,0.018675,0.202192
20.240049,0.010010,9.399636,0.023663,0.018912,0.202381
20.250036,0.009986,9.369708,-0.006265,0.018850,0.202569
20.260045,0.010010,9.436746,0.060773,0.019458,0.202764
20.270056,0.010010,9.368511,-0.007462,0.019383,0.202958
20.280027,0.009971,9.406818,0.030845,0.019691,0.203154
20.290064,0.010037,9.387665,0.011692,0.019808,0.203353
20.300014,0.009950,9.414001,0.038028,0.020187,0.203554
20.309999,0.009985,9.357737,-0.018236,0.020005,0.203754
20.320109,0.010110,9.370905,-0.005068,0.019953,0.203955
20.330058,0.009949,9.375694,-0.000279,0.019950,0.204154
20.340049,0.009991,9.350555,-0.025418,0.019697,0.204351
20.350051,0.010002,9.405621,0.029648,0.019993,0.204551
20.360056,0.010005,9.329007,-0.046966,0.019523,0.204746
20.369998,0.009942,9.351752,-0.024221,0.019282,0.204938
20.379994,0.009996,9.324218,-0.051755,0.018765,0.205125
20.390039,0.010045,9.427169,0.051196,0.019279,0.205319
20.400004,0.009965,9.387665,0.011692,0.019396,0.205512
20.410233,0.010229,9.338584,-0.037389,0.019013,0.205707
20.420209,0.009976,9.350555,-0.025418,0.018760,0.205894
20.430018,0.009809,9.356540,-0.019433,0.018569,0.206076
20.440016,0.009997,9.435549,0.059576,0.019165,0.206268
20.449994,0.009978,9.404424,0.028451,0.019449,0.206462
20.459997,0.010003,9.364920,-0.011053,0.019338,0.206655
20.469982,0.009985,9.351752,-0.024221,0.019096,0.206846
20.480000,0.010018,9.321824,-0.054149,0.018554,0.207032
20.490138,0.010139,9.379285,0.003312,0.018587,0.207220
20.500118,0.009979,9.410410,0.034437,0.018931,0.207409
20.510060,0.009942,9.360131,-0.015842,0.018774,0.207596
20.520205,0.010145,9.398439,0.022466,0.019001,0.207788
20.530179,0.009974,9.369708,-0.006265,0.018939,0.207977
20.540006,0.009827,9.339781,-0.036192,0.018583,0.208160
20.549994,0.009988,9.324218,-0.051755,0.018066,0.208340
20.560011,0.010018,9.399636,0.023663,0.018303,0.208524
20.570049,0.010038,9.369708,-0.006265,0.018241,0.208707
20.580106,0.010057,9.393650,0.017677,0.018418,0.208892
20.590070,0.009964,9.345766,-0.030207,0.018117,0.209073
20.600019,0.009949,9.387665,0.011692,0.018234,0.209254
20.610039,0.010020,9.400833,0.024860,0.018483,0.209439
20.620011,0.009972,9.394847,0.018874,0.018671,0.209625
20.629998,0.009988,9.375694,-0.000279,0.018668,0.209812
20.639989,0.009991,9.379285,0.003312,0.018701,0.209999
20.650023,0.010034,9.376891,0.000918,0.018710,0.210186
20.659989,0.009966,9.369708,-0.006265,0.018648,0.210372
20.670006,0.010016,9.368511,-0.007462,0.018573,0.210558
20.680207,0.010202,9.357737,-0.018236,0.018387,0.210746
20.690092,0.009885,9.392453,0.016480,0.018550,0.210929
20.700054,0.009962,9.425972,0.049999,0.019048,0.211119
20.710012,0.009958,9.364920,-0.011053,0.018938,0.211308
20.720024,0.010012,9.342175,-0.033798,0.018600,0.211494
20.730035,0.010011,9.346963,-0.029010,0.018309,0.211677
20.740014,0.009979,9.408015,0.032042,0.018629,0.211863
20.750014,0.010000,9.408015,0.032042,0.018950,0.212052
20.760011,0.009997,9.334992,-0.040981,0.018540,0.212238
20.770027,0.010016,9.388862,0.012889,0.018669,0.212425
20.780015,0.009987,9.344569,-0.031404,0.018355,0.212608
20.790079,0.010065,9.380482,0.004509,0.018401,0.212793
20.800059,0.009979,9.349357,-0.026616,0.018135,0.212974
20.810060,0.010001,9.378088,0.002115,0.018156,0.213156
20.820053,0.009993,9.337386,-0.038587,0.017771,0.213333
20.830042,0.009990,9.364920,-0.011053,0.017660,0.213510
20.840044,0.010002,9.380482,0.004509,0.017705,0.213687
20.850043,0.009998,9.392453,0.016480,0.017870,0.213866
20.860038,0.009995,9.333795,-0.042178,0.017449,0.214040
20.870040,0.010003,9.410410,0.034437,0.017793,0.214218
20.880035,0.009995,9.388862,0.012889,0.017922,0.214397
20.890091,0.010056,9.361328,-0.014645,0.017775,0.214576
20.900108,0.010017,9.396044,0.020071,0.017976,0.214756
20.910053,0.009945,9.337386,-0.038587,0.017592,0.214931
20.920027,0.009973,9.398439,0.022466,0.017816,0.215109
20.930023,0.009996,9.355343,-0.020630,0.017610,0.215285
20.940104,0.010082,9.360131,-0.015842,0.017450,0.215461
20.950096,0.009991,9.355343,-0.020630,0.017244,0.215633
20.960052,0.009957,9.376891,0.000918,0.017253,0.215805
20.970037,0.009984,9.344569,-0.031404,0.016939,0.215974
20.980064,0.010028,9.363723,-0.012250,0.016817,0.216142
20.990067,0.010003,9.376891,0.000918,0.016826,0.216311
21.000041,0.009974,9.380482,0.004509,0.016871,0.216479
21.010046,0.010005,9.388862,0.012889,0.017000,0.216649
21.019992,0.009946,9.348160,-0.027813,0.016723,0.216815
21.030171,0.010179,9.334992,-0.040981,0.016306,0.216981
21.040048,0.009876,9.349357,-0.026616,0.016043,0.217140
21.050011,0.009964,9.357737,-0.018236,0.015861,0.217298
21.060022,0.010011,9.348160,-0.027813,0.015583,0.217454
21.070005,0.009984,9.342175,-0.033798,0.015246,0.217606
21.080024,0.010018,9.374497,-0.001476,0.015231,0.217759
21.090225,0.010202,9.346963,-0.029010,0.014935,0.217911
21.100185,0.009960,9.419986,0.044013,0.015373,0.218064
21.110016,0.009831,9.366117,-0.009856,0.015276,0.218214
21.120068,0.010052,9.388862,0.012889,0.015406,0.218369
21.130009,0.009941,9.357737,-0.018236,0.015225,0.218520
21.140039,0.010030,9.384073,0.008100,0.015306,0.218674
21.150084,0.010044,9.369708,-0.006265,0.015243,0.218827
21.160098,0.010014,9.332598,-0.043375,0.014809,0.218975
21.170060,0.009962,9.358934,-0.017039,0.014639,0.219121
21.180059,0.010000,9.342175,-0.033798,0.014301,0.219264
21.190064,0.010005,9.332598,-0.043375,0.013867,0.219403
21.200047,0.009982,9.362526,-0.013447,0.013733,0.219540
21.210037,0.009990,9.385271,0.009298,0.013826,0.219678
21.220036,0.010000,9.349357,-0.026616,0.013559,0.219814
21.230015,0.009978,9.374497,-0.001476,0.013545,0.219949
21.240012,0.009998,9.366117,-0.009856,0.013446,0.220083
21.250031,0.010018,9.408015,0.032042,0.013767,0.220221
21.260012,0.009982,9.408015,0.032042,0.014087,0.220362
21.270023,0.010010,9.345766,-0.030207,0.013785,0.220500
21.280004,0.009981,9.382876,0.006903,0.013854,0.220638
21.290073,0.010069,9.390059,0.014086,0.013995,0.220779
21.300041,0.009968,9.382876,0.006903,0.014064,0.220919
21.310061,0.010021,9.375694,-0.000279,0.014061,0.221060
21.320050,0.009988,9.373299,-0.002673,0.014035,0.221200
21.330015,0.009965,9.410410,0.034437,0.014378,0.221344
21.340099,0.010084,9.375694,-0.000279,0.014375,0.221489
21.350128,0.010030,9.374497,-0.001476,0.014360,0.221633
21.360020,0.009892,9.380482,0.004509,0.014405,0.221775
21.370008,0.009988,9.424775,0.048802,0.014892,0.221924
21.379996,0.009988,9.380482,0.004509,0.014937,0.222073
21.390031,0.010034,9.362526,-0.013447,0.014802,0.222222
21.400009,0.009979,9.367314,-0.008659,0.014716,0.222368
21.410028,0.010019,9.418789,0.042816,0.015145,0.222520
21.420015,0.009988,9.369708,-0.006265,0.015082,0.222671
21.430149,0.010134,9.329007,-0.046966,0.014606,0.222819
21.440081,0.009932,9.324218,-0.051755,0.014092,0.222959
21.450033,0.009952,9.220071,-0.155902,0.012541,0.223084
21.460018,0.009986,9.333795,-0.042178,0.012120,0.223205
21.470004,0.009986,9.460688,0.084715,0.012966,0.223334
21.480013,0.010009,9.526528,0.150555,0.014473,0.223479
21.490044,0.010031,9.355343,-0.020630,0.014266,0.223622
21.500106,0.010062,9.248801,-0.127172,0.012986,0.223753
21.510294,0.010188,9.439140,0.063167,0.013630,0.223892
21.520225,0.009930,9.564836,0.188863,0.015505,0.224045
21.530259,0.010035,9.411607,0.035634,0.015863,0.224205
21.540006,0.009747,9.244013,-0.131960,0.014576,0.224347
21.550005,0.010000,9.317036,-0.058937,0.013987,0.224487
21.560005,0.010000,9.394847,0.018874,0.014176,0.224628
21.570455,0.010450,9.447520,0.071547,0.014923,0.224784
21.580024,0.009569,9.397242,0.021269,0.015127,0.224929
21.589965,0.009941,9.300276,-0.075697,0.014374,0.225072
21.599905,0.009940,9.333795,-0.042178,0.013955,0.225211
21.610022,0.010117,9.483433,0.107460,0.015042,0.225363
21.619939,0.009917,9.417592,0.041619,0.015455,0.225516
21.629965,0.010026,9.288305,-0.087668,0.014576,0.225662
21.640001,0.010036,9.273940,-0.102033,0.013552,0.225798
21.650057,0.010056,9.448717,0.072744,0.014284,0.225942
21.659997,0.009940,9.481039,0.105066,0.015328,0.226094
21.670012,0.010015,9.393650,0.017677,0.015505,0.226250
21.680047,0.010035,9.325415,-0.050558,0.014998,0.226400
21.690065,0.010018,9.337386,-0.038587,0.014611,0.226546
21.700023,0.009959,9.400833,0.024860,0.014859,0.226694
21.710019,0.009996,9.408015,0.032042,0.015179,0.226846
21.720007,0.009988,9.301473,-0.074500,0.014435,0.226990
21.730023,0.010016,9.336189,-0.039784,0.014036,0.227131
21.740026,0.010003,9.374497,-0.001476,0.014022,0.227271
21.750049,0.010023,9.412804,0.036831,0.014391,0.227415
21.760061,0.010011,9.361328,-0.014645,0.014244,0.227558
21.770069,0.010008,9.289502,-0.086471,0.013379,0.227692
21.780107,0.010039,9.361328,-0.014645,0.013232,0.227825
21.790119,0.010012,9.414001,0.038028,0.013612,0.227961
21.800047,0.009928,9.385271,0.009298,0.013705,0.228097
21.810053,0.010005,9.373299,-0.002673,0.013678,0.228234
21.820036,0.009983,9.343372,-0.032601,0.013353,0.228367
21.830004,0.009968,9.398439,0.022466,0.013576,0.228503
21.840068,0.010064,9.333795,-0.042178,0.013152,0.228635
21.850064,0.009996,9.364920,-0.011053,0.013042,0.228765
21.860050,0.009986,9.337386,-0.038587,0.012656,0.228892
21.870081,0.010031,9.361328,-0.014645,0.012509,0.229017
21.880046,0.009965,9.425972,0.049999,0.013008,0.229147
21.890070,0.010024,9.394847,0.018874,0.013197,0.229279
21.900119,0.010049,9.361328,-0.014645,0.013050,0.229410
21.910181,0.010062,9.340978,-0.034995,0.012697,0.229538
21.920082,0.009901,9.384073,0.008100,0.012778,0.229664
21.929965,0.009883,9.364920,-0.011053,0.012668,0.229790
21.940161,0.010196,9.430760,0.054787,0.013227,0.229925
21.950147,0.009985,9.357737,-0.018236,0.013045,0.230055
21.960010,0.009863,9.402030,0.026057,0.013302,0.230186
21.970223,0.010213,9.362526,-0.013447,0.013165,0.230320
21.980051,0.009828,9.405621,0.029648,0.013456,0.230453
21.990148,0.010097,9.367314,-0.008659,0.013369,0.230588
22.000201,0.010053,9.340978,-0.034995,0.013017,0.230718
22.010105,0.009904,9.418789,0.042816,0.013441,0.230852
22.020195,0.010090,9.394847,0.018874,0.013631,0.230989
22.029945,0.009750,9.361328,-0.014645,0.013488,0.231121
22.040056,0.010111,9.381679,0.005706,0.013546,0.231258
22.050035,0.009979,9.354146,-0.021827,0.013328,0.231391
22.060052,0.010017,9.370905,-0.005068,0.013278,0.231524
22.069976,0.009924,9.400833,0.024860,0.013524,0.231658
22.079978,0.010001,9.393650,0.017677,0.013701,0.231795
22.090157,0.010179,9.323021,-0.052952,0.013162,0.231929
22.100091,0.009935,9.419986,0.044013,0.013599,0.232064
22.110023,0.009932,9.361328,-0.014645,0.013454,0.232198
22.119962,0.009939,9.409213,0.033240,0.013784,0.232335
22.130095,0.010133,9.411607,0.035634,0.014145,0.232478
22.140042,0.009947,9.379285,0.003312,0.014178,0.232619
22.149957,0.009915,9.408015,0.032042,0.014496,0.232763
22.160032,0.010075,9.397242,0.021269,0.014710,0.232911
22.169986,0.009954,9.385271,0.009298,0.014803,0.233058
22.180017,0.010031,9.388862,0.012889,0.014932,0.233208
22.190047,0.010029,9.370905,-0.005068,0.014881,0.233357
22.200007,0.009960,9.361328,-0.014645,0.014735,0.233504
22.210113,0.010107,9.370905,-0.005068,0.014684,0.233652
22.220017,0.009904,9.363723,-0.012250,0.014563,0.233797
22.230009,0.009992,9.393650,0.017677,0.014740,0.233944
22.239946,0.009937,9.391256,0.015283,0.014891,0.234092
22.250011,0.010066,9.418789,0.042816,0.015322,0.234246
22.259968,0.009957,9.357737,-0.018236,0.015141,0.234397
22.270006,0.010038,9.382876,0.006903,0.015210,0.234550
22.279989,0.009983,9.409213,0.033240,0.015542,0.234705
22.290092,0.010103,9.349357,-0.026616,0.015273,0.234859
22.300029,0.009937,9.364920,-0.011053,0.015163,0.235010
22.310022,0.009994,9.414001,0.038028,0.015543,0.235165
22.320074,0.010051,9.373299,-0.002673,0.015516,0.235321
22.330024,0.009951,9.372102,-0.003871,0.015478,0.235475
22.340034,0.010010,9.352949,-0.023024,0.015247,0.235628
22.350100,0.010066,9.380482,0.004509,0.015293,0.235782
22.360085,0.009985,9.344569,-0.031404,0.014979,0.235931
22.370085,0.010000,9.373299,-0.002673,0.014952,0.236081
22.380051,0.009965,9.396044,0.020071,0.015152,0.236232
22.390072,0.010021,9.360131,-0.015842,0.014994,0.236382
22.400035,0.009963,9.376891,0.000918,0.015003,0.236531
22.410062,0.010028,9.375694,-0.000279,0.015000,0.236682
22.420026,0.009964,9.427169,0.051196,0.015510,0.236836
22.430033,0.010007,9.376891,0.000918,0.015519,0.236992
22.440027,0.009994,9.360131,-0.015842,0.015361,0.237145
22.450015,0.009987,9.445126,0.069153,0.016052,0.237306
22.460039,0.010024,9.354146,-0.021827,0.015833,0.237464
22.470028,0.009989,9.446323,0.070350,0.016536,0.237629
22.480305,0.010277,9.362526,-0.013447,0.016397,0.237798
22.490240,0.009935,9.313444,-0.062529,0.015776,0.237955
22.500095,0.009856,9.463082,0.087109,0.016635,0.238119
22.509986,0.009891,9.427169,0.051196,0.017141,0.238288
22.520107,0.010121,9.385271,0.009298,0.017235,0.238463
22.530120,0.010013,9.311050,-0.064923,0.016585,0.238629
22.540023,0.009903,9.312247,-0.063726,0.015954,0.238787
22.550125,0.010102,9.326613,-0.049360,0.015455,0.238943
22.560069,0.009943,9.435549,0.059576,0.016048,0.239102
22.570127,0.010059,9.399636,0.023663,0.016286,0.239266
22.580093,0.009965,9.346963,-0.029010,0.015997,0.239426
22.590036,0.009943,9.400833,0.024860,0.016244,0.239587
22.599994,0.009958,9.367314,-0.008659,0.016158,0.239748
22.610127,0.010134,9.376891,0.000918,0.016167,0.239912
22.620084,0.009956,9.386468,0.010495,0.016271,0.240074
22.629999,0.009915,9.319430,-0.056543,0.015711,0.240230
22.640003,0.010004,9.445126,0.069153,0.016403,0.240394
22.649966,0.009964,9.362526,-0.013447,0.016269,0.240556
22.660075,0.010109,9.344569,-0.031404,0.015951,0.240717
22.670017,0.009941,9.348160,-0.027813,0.015675,0.240873
22.680023,0.010006,9.380482,0.004509,0.015720,0.241030
22.690042,0.010020,9.397242,0.021269,0.015933,0.241190
22.700022,0.009979,9.408015,0.032042,0.016253,0.241352
22.710006,0.009984,9.385271,0.009298,0.016345,0.241515
22.720000,0.009994,9.386468,0.010495,0.016450,0.241680
22.730004,0.010004,9.358934,-0.017039,0.016280,0.241842
22.739991,0.009987,9.370905,-0.005068,0.016229,0.242005
22.750002,0.010011,9.427169,0.051196,0.016742,0.242172
22.760014,0.010012,9.370905,-0.005068,0.016691,0.242339
22.770174,0.010160,9.394847,0.018874,0.016883,0.242511
